,ISO-3,Population,Date,Cases,Country,lattitude,longitude,X,Y
0,BRB,283380,2016-02-12,7,Barbados,13.1667,-59.5333,-6627216.64124,1478783.78132
1,BRB,283380,2016-02-18,7,Barbados,13.1667,-59.5333,-6627216.64124,1478783.78132
2,BRB,283380,2016-02-25,7,Barbados,13.1667,-59.5333,-6627216.64124,1478783.78132
3,BRB,283380,2016-03-03,9,Barbados,13.1667,-59.5333,-6627216.64124,1478783.78132
4,BRB,283380,2016-03-10,7,Barbados,13.1667,-59.5333,-6627216.64124,1478783.78132
5,BRB,283380,2016-03-17,7,Barbados,13.1667,-59.5333,-6627216.64124,1478783.78132
6,BRB,283380,2016-03-24,7,Barbados,13.1667,-59.5333,-6627216.64124,1478783.78132
7,BRB,283380,2016-03-31,7,Barbados,13.1667,-59.5333,-6627216.64124,1478783.78132
8,BRB,283380,2016-04-07,7,Barbados,13.1667,-59.5333,-6627216.64124,1478783.78132
9,BRB,283380,2016-04-14,7,Barbados,13.1667,-59.5333,-6627216.64124,1478783.78132
10,BRB,283380,2016-04-21,7,Barbados,13.1667,-59.5333,-6627216.64124,1478783.78132
11,BRB,283380,2016-04-28,7,Barbados,13.1667,-59.5333,-6627216.64124,1478783.78132
12,BRB,283380,2016-05-05,7,Barbados,13.1667,-59.5333,-6627216.64124,1478783.78132
13,BRB,283380,2016-05-12,7,Barbados,13.1667,-59.5333,-6627216.64124,1478783.78132
14,BRB,283380,2016-05-19,7,Barbados,13.1667,-59.5333,-6627216.64124,1478783.78132
15,BRB,283380,2016-05-26,7,Barbados,13.1667,-59.5333,-6627216.64124,1478783.78132
16,BRB,283380,2016-06-02,7,Barbados,13.1667,-59.5333,-6627216.64124,1478783.78132
17,BRB,283380,2016-06-09,7,Barbados,13.1667,-59.5333,-6627216.64124,1478783.78132
18,BRB,283380,2016-06-16,7,Barbados,13.1667,-59.5333,-6627216.64124,1478783.78132
19,BRB,283380,2016-06-24,18,Barbados,13.1667,-59.5333,-6627216.64124,1478783.78132
20,BRB,283380,2016-07-14,18,Barbados,13.1667,-59.5333,-6627216.64124,1478783.78132
21,BRB,283380,2016-07-21,18,Barbados,13.1667,-59.5333,-6627216.64124,1478783.78132
22,BRB,283380,2016-07-28,18,Barbados,13.1667,-59.5333,-6627216.64124,1478783.78132
23,BRB,283380,2016-08-05,18,Barbados,13.1667,-59.5333,-6627216.64124,1478783.78132
24,BRB,283380,2016-08-11,20,Barbados,13.1667,-59.5333,-6627216.64124,1478783.78132
25,BRB,283380,2016-08-18,20,Barbados,13.1667,-59.5333,-6627216.64124,1478783.78132
26,BRB,283380,2016-08-25,20,Barbados,13.1667,-59.5333,-6627216.64124,1478783.78132
27,BRB,283380,2016-09-01,20,Barbados,13.1667,-59.5333,-6627216.64124,1478783.78132
28,BRB,283380,2016-09-15,20,Barbados,13.1667,-59.5333,-6627216.64124,1478783.78132
29,BOL,10561887,2016-02-12,1,"Bolivia, Plurinational State of",-17.0,-65.0,-7235766.90156,-1920825.04038
30,BOL,10561887,2016-02-18,1,"Bolivia, Plurinational State of",-17.0,-65.0,-7235766.90156,-1920825.04038
31,BOL,10561887,2016-02-25,1,"Bolivia, Plurinational State of",-17.0,-65.0,-7235766.90156,-1920825.04038
32,BOL,10561887,2016-03-03,1,"Bolivia, Plurinational State of",-17.0,-65.0,-7235766.90156,-1920825.04038
33,BOL,10561887,2016-03-10,12,"Bolivia, Plurinational State of",-17.0,-65.0,-7235766.90156,-1920825.04038
34,BOL,10561887,2016-03-17,12,"Bolivia, Plurinational State of",-17.0,-65.0,-7235766.90156,-1920825.04038
35,BOL,10561887,2016-03-24,12,"Bolivia, Plurinational State of",-17.0,-65.0,-7235766.90156,-1920825.04038
36,BOL,10561887,2016-03-31,12,"Bolivia, Plurinational State of",-17.0,-65.0,-7235766.90156,-1920825.04038
37,BOL,10561887,2016-04-07,12,"Bolivia, Plurinational State of",-17.0,-65.0,-7235766.90156,-1920825.04038
38,BOL,10561887,2016-04-14,12,"Bolivia, Plurinational State of",-17.0,-65.0,-7235766.90156,-1920825.04038
39,BOL,10561887,2016-04-21,12,"Bolivia, Plurinational State of",-17.0,-65.0,-7235766.90156,-1920825.04038
40,BOL,10561887,2016-04-28,12,"Bolivia, Plurinational State of",-17.0,-65.0,-7235766.90156,-1920825.04038
41,BOL,10561887,2016-05-05,12,"Bolivia, Plurinational State of",-17.0,-65.0,-7235766.90156,-1920825.04038
42,BOL,10561887,2016-05-12,12,"Bolivia, Plurinational State of",-17.0,-65.0,-7235766.90156,-1920825.04038
43,BOL,10561887,2016-05-19,12,"Bolivia, Plurinational State of",-17.0,-65.0,-7235766.90156,-1920825.04038
44,BOL,10561887,2016-05-26,11,"Bolivia, Plurinational State of",-17.0,-65.0,-7235766.90156,-1920825.04038
45,BOL,10561887,2016-06-02,11,"Bolivia, Plurinational State of",-17.0,-65.0,-7235766.90156,-1920825.04038
46,BOL,10561887,2016-06-09,11,"Bolivia, Plurinational State of",-17.0,-65.0,-7235766.90156,-1920825.04038
47,BOL,10561887,2016-06-16,11,"Bolivia, Plurinational State of",-17.0,-65.0,-7235766.90156,-1920825.04038
48,BOL,10561887,2016-06-24,124,"Bolivia, Plurinational State of",-17.0,-65.0,-7235766.90156,-1920825.04038
49,BOL,10561887,2016-07-14,126,"Bolivia, Plurinational State of",-17.0,-65.0,-7235766.90156,-1920825.04038
50,BOL,10561887,2016-07-21,126,"Bolivia, Plurinational State of",-17.0,-65.0,-7235766.90156,-1920825.04038
51,BOL,10561887,2016-07-28,126,"Bolivia, Plurinational State of",-17.0,-65.0,-7235766.90156,-1920825.04038
52,BOL,10561887,2016-08-05,126,"Bolivia, Plurinational State of",-17.0,-65.0,-7235766.90156,-1920825.04038
53,BOL,10561887,2016-08-11,126,"Bolivia, Plurinational State of",-17.0,-65.0,-7235766.90156,-1920825.04038
54,BOL,10561887,2016-08-18,126,"Bolivia, Plurinational State of",-17.0,-65.0,-7235766.90156,-1920825.04038
55,BOL,10561887,2016-08-25,126,"Bolivia, Plurinational State of",-17.0,-65.0,-7235766.90156,-1920825.04038
56,BOL,10561887,2016-09-01,126,"Bolivia, Plurinational State of",-17.0,-65.0,-7235766.90156,-1920825.04038
57,BOL,10561887,2016-09-01,126,"Bolivia, Plurinational State of",-17.0,-65.0,-7235766.90156,-1920825.04038
58,BRA,206077898,2016-02-12,236,Brazil,-10.0,-55.0,-6122571.99363,-1118889.97486
59,BRA,206077898,2016-02-18,534,Brazil,-10.0,-55.0,-6122571.99363,-1118889.97486
60,BRA,206077898,2016-02-25,534,Brazil,-10.0,-55.0,-6122571.99363,-1118889.97486
61,BRA,206077898,2016-03-03,534,Brazil,-10.0,-55.0,-6122571.99363,-1118889.97486
62,BRA,206077898,2016-03-10,534,Brazil,-10.0,-55.0,-6122571.99363,-1118889.97486
63,BRA,206077898,2016-03-17,534,Brazil,-10.0,-55.0,-6122571.99363,-1118889.97486
64,BRA,206077898,2016-03-24,534,Brazil,-10.0,-55.0,-6122571.99363,-1118889.97486
65,BRA,206077898,2016-03-31,534,Brazil,-10.0,-55.0,-6122571.99363,-1118889.97486
66,BRA,206077898,2016-04-07,534,Brazil,-10.0,-55.0,-6122571.99363,-1118889.97486
67,BRA,206077898,2016-04-14,534,Brazil,-10.0,-55.0,-6122571.99363,-1118889.97486
68,BRA,206077898,2016-04-21,1034,Brazil,-10.0,-55.0,-6122571.99363,-1118889.97486
69,BRA,206077898,2016-04-28,1034,Brazil,-10.0,-55.0,-6122571.99363,-1118889.97486
70,BRA,206077898,2016-05-05,1034,Brazil,-10.0,-55.0,-6122571.99363,-1118889.97486
71,BRA,206077898,2016-05-12,1034,Brazil,-10.0,-55.0,-6122571.99363,-1118889.97486
72,BRA,206077898,2016-05-19,31616,Brazil,-10.0,-55.0,-6122571.99363,-1118889.97486
73,BRA,206077898,2016-05-26,31616,Brazil,-10.0,-55.0,-6122571.99363,-1118889.97486
74,BRA,206077898,2016-06-02,39993,Brazil,-10.0,-55.0,-6122571.99363,-1118889.97486
75,BRA,206077898,2016-06-09,39993,Brazil,-10.0,-55.0,-6122571.99363,-1118889.97486
76,BRA,206077898,2016-06-16,39993,Brazil,-10.0,-55.0,-6122571.99363,-1118889.97486
77,BRA,206077898,2016-06-24,40086,Brazil,-10.0,-55.0,-6122571.99363,-1118889.97486
78,BRA,206077898,2016-07-14,64311,Brazil,-10.0,-55.0,-6122571.99363,-1118889.97486
79,BRA,206077898,2016-07-21,66180,Brazil,-10.0,-55.0,-6122571.99363,-1118889.97486
80,BRA,206077898,2016-07-28,66180,Brazil,-10.0,-55.0,-6122571.99363,-1118889.97486
81,BRA,206077898,2016-08-05,66180,Brazil,-10.0,-55.0,-6122571.99363,-1118889.97486
82,BRA,206077898,2016-08-11,78421,Brazil,-10.0,-55.0,-6122571.99363,-1118889.97486
83,BRA,206077898,2016-08-18,78421,Brazil,-10.0,-55.0,-6122571.99363,-1118889.97486
84,BRA,206077898,2016-08-25,78421,Brazil,-10.0,-55.0,-6122571.99363,-1118889.97486
85,BRA,206077898,2016-09-01,78421,Brazil,-10.0,-55.0,-6122571.99363,-1118889.97486
86,BRA,206077898,2016-09-15,78421,Brazil,-10.0,-55.0,-6122571.99363,-1118889.97486
87,COL,47791393,2016-02-12,1331,Colombia,4.0,-72.0,-8015003.33712,445640.109656
88,COL,47791393,2016-02-18,1504,Colombia,4.0,-72.0,-8015003.33712,445640.109656
89,COL,47791393,2016-02-25,1612,Colombia,4.0,-72.0,-8015003.33712,445640.109656
90,COL,47791393,2016-03-03,1612,Colombia,4.0,-72.0,-8015003.33712,445640.109656
91,COL,47791393,2016-03-10,2090,Colombia,4.0,-72.0,-8015003.33712,445640.109656
92,COL,47791393,2016-03-17,2090,Colombia,4.0,-72.0,-8015003.33712,445640.109656
93,COL,47791393,2016-03-24,2355,Colombia,4.0,-72.0,-8015003.33712,445640.109656
94,COL,47791393,2016-03-31,2361,Colombia,4.0,-72.0,-8015003.33712,445640.109656
95,COL,47791393,2016-04-07,2603,Colombia,4.0,-72.0,-8015003.33712,445640.109656
96,COL,47791393,2016-04-14,3061,Colombia,4.0,-72.0,-8015003.33712,445640.109656
97,COL,47791393,2016-04-21,3292,Colombia,4.0,-72.0,-8015003.33712,445640.109656
98,COL,47791393,2016-04-28,3292,Colombia,4.0,-72.0,-8015003.33712,445640.109656
99,COL,47791393,2016-05-05,3752,Colombia,4.0,-72.0,-8015003.33712,445640.109656
100,COL,47791393,2016-05-12,3751,Colombia,4.0,-72.0,-8015003.33712,445640.109656
101,COL,47791393,2016-05-19,4867,Colombia,4.0,-72.0,-8015003.33712,445640.109656
102,COL,47791393,2016-05-26,6259,Colombia,4.0,-72.0,-8015003.33712,445640.109656
103,COL,47791393,2016-06-02,6402,Colombia,4.0,-72.0,-8015003.33712,445640.109656
104,COL,47791393,2016-06-09,7582,Colombia,4.0,-72.0,-8015003.33712,445640.109656
105,COL,47791393,2016-06-16,8078,Colombia,4.0,-72.0,-8015003.33712,445640.109656
106,COL,47791393,2016-06-24,8078,Colombia,4.0,-72.0,-8015003.33712,445640.109656
107,COL,47791393,2016-07-14,8506,Colombia,4.0,-72.0,-8015003.33712,445640.109656
108,COL,47791393,2016-07-21,8682,Colombia,4.0,-72.0,-8015003.33712,445640.109656
109,COL,47791393,2016-07-28,8682,Colombia,4.0,-72.0,-8015003.33712,445640.109656
110,COL,47791393,2016-08-05,8682,Colombia,4.0,-72.0,-8015003.33712,445640.109656
111,COL,47791393,2016-08-11,8682,Colombia,4.0,-72.0,-8015003.33712,445640.109656
112,COL,47791393,2016-08-18,8826,Colombia,4.0,-72.0,-8015003.33712,445640.109656
113,COL,47791393,2016-08-25,8826,Colombia,4.0,-72.0,-8015003.33712,445640.109656
114,COL,47791393,2016-09-01,8826,Colombia,4.0,-72.0,-8015003.33712,445640.109656
115,COL,47791393,2016-09-15,8826,Colombia,4.0,-72.0,-8015003.33712,445640.109656
116,CRI,4757606,2016-02-12,1,Costa Rica,10.0,-84.0,-9350837.22663,1118889.97486
117,CRI,4757606,2016-02-18,1,Costa Rica,10.0,-84.0,-9350837.22663,1118889.97486
118,CRI,4757606,2016-02-25,3,Costa Rica,10.0,-84.0,-9350837.22663,1118889.97486
119,CRI,4757606,2016-03-03,3,Costa Rica,10.0,-84.0,-9350837.22663,1118889.97486
120,CRI,4757606,2016-03-10,8,Costa Rica,10.0,-84.0,-9350837.22663,1118889.97486
121,CRI,4757606,2016-03-17,8,Costa Rica,10.0,-84.0,-9350837.22663,1118889.97486
122,CRI,4757606,2016-03-24,8,Costa Rica,10.0,-84.0,-9350837.22663,1118889.97486
123,CRI,4757606,2016-03-31,8,Costa Rica,10.0,-84.0,-9350837.22663,1118889.97486
124,CRI,4757606,2016-04-07,8,Costa Rica,10.0,-84.0,-9350837.22663,1118889.97486
125,CRI,4757606,2016-04-14,8,Costa Rica,10.0,-84.0,-9350837.22663,1118889.97486
126,CRI,4757606,2016-04-21,8,Costa Rica,10.0,-84.0,-9350837.22663,1118889.97486
127,CRI,4757606,2016-04-28,11,Costa Rica,10.0,-84.0,-9350837.22663,1118889.97486
128,CRI,4757606,2016-05-05,11,Costa Rica,10.0,-84.0,-9350837.22663,1118889.97486
129,CRI,4757606,2016-05-12,14,Costa Rica,10.0,-84.0,-9350837.22663,1118889.97486
130,CRI,4757606,2016-05-19,32,Costa Rica,10.0,-84.0,-9350837.22663,1118889.97486
131,CRI,4757606,2016-05-26,44,Costa Rica,10.0,-84.0,-9350837.22663,1118889.97486
132,CRI,4757606,2016-06-02,58,Costa Rica,10.0,-84.0,-9350837.22663,1118889.97486
133,CRI,4757606,2016-06-09,70,Costa Rica,10.0,-84.0,-9350837.22663,1118889.97486
134,CRI,4757606,2016-06-16,98,Costa Rica,10.0,-84.0,-9350837.22663,1118889.97486
135,CRI,4757606,2016-06-24,107,Costa Rica,10.0,-84.0,-9350837.22663,1118889.97486
136,CRI,4757606,2016-07-14,186,Costa Rica,10.0,-84.0,-9350837.22663,1118889.97486
137,CRI,4757606,2016-07-21,238,Costa Rica,10.0,-84.0,-9350837.22663,1118889.97486
138,CRI,4757606,2016-07-28,238,Costa Rica,10.0,-84.0,-9350837.22663,1118889.97486
139,CRI,4757606,2016-08-05,295,Costa Rica,10.0,-84.0,-9350837.22663,1118889.97486
140,CRI,4757606,2016-08-11,351,Costa Rica,10.0,-84.0,-9350837.22663,1118889.97486
141,CRI,4757606,2016-08-18,521,Costa Rica,10.0,-84.0,-9350837.22663,1118889.97486
142,CRI,4757606,2016-08-25,708,Costa Rica,10.0,-84.0,-9350837.22663,1118889.97486
143,CRI,4757606,2016-09-01,839,Costa Rica,10.0,-84.0,-9350837.22663,1118889.97486
144,CRI,4757606,2016-09-15,946,Costa Rica,10.0,-84.0,-9350837.22663,1118889.97486
145,DOM,10405943,2016-02-12,10,Dominican Republic,19.0,-70.6667,-7866581.06004,2154935.91509
146,DOM,10405943,2016-02-18,10,Dominican Republic,19.0,-70.6667,-7866581.06004,2154935.91509
147,DOM,10405943,2016-02-25,18,Dominican Republic,19.0,-70.6667,-7866581.06004,2154935.91509
148,DOM,10405943,2016-03-03,18,Dominican Republic,19.0,-70.6667,-7866581.06004,2154935.91509
149,DOM,10405943,2016-03-10,18,Dominican Republic,19.0,-70.6667,-7866581.06004,2154935.91509
150,DOM,10405943,2016-03-17,18,Dominican Republic,19.0,-70.6667,-7866581.06004,2154935.91509
151,DOM,10405943,2016-03-24,18,Dominican Republic,19.0,-70.6667,-7866581.06004,2154935.91509
152,DOM,10405943,2016-03-31,18,Dominican Republic,19.0,-70.6667,-7866581.06004,2154935.91509
153,DOM,10405943,2016-04-07,55,Dominican Republic,19.0,-70.6667,-7866581.06004,2154935.91509
154,DOM,10405943,2016-04-14,56,Dominican Republic,19.0,-70.6667,-7866581.06004,2154935.91509
155,DOM,10405943,2016-04-21,56,Dominican Republic,19.0,-70.6667,-7866581.06004,2154935.91509
156,DOM,10405943,2016-04-28,73,Dominican Republic,19.0,-70.6667,-7866581.06004,2154935.91509
157,DOM,10405943,2016-05-05,73,Dominican Republic,19.0,-70.6667,-7866581.06004,2154935.91509
158,DOM,10405943,2016-05-12,73,Dominican Republic,19.0,-70.6667,-7866581.06004,2154935.91509
159,DOM,10405943,2016-05-19,73,Dominican Republic,19.0,-70.6667,-7866581.06004,2154935.91509
160,DOM,10405943,2016-05-26,73,Dominican Republic,19.0,-70.6667,-7866581.06004,2154935.91509
161,DOM,10405943,2016-06-02,73,Dominican Republic,19.0,-70.6667,-7866581.06004,2154935.91509
162,DOM,10405943,2016-06-09,73,Dominican Republic,19.0,-70.6667,-7866581.06004,2154935.91509
163,DOM,10405943,2016-06-16,73,Dominican Republic,19.0,-70.6667,-7866581.06004,2154935.91509
164,DOM,10405943,2016-06-24,73,Dominican Republic,19.0,-70.6667,-7866581.06004,2154935.91509
165,DOM,10405943,2016-07-14,101,Dominican Republic,19.0,-70.6667,-7866581.06004,2154935.91509
166,DOM,10405943,2016-07-21,154,Dominican Republic,19.0,-70.6667,-7866581.06004,2154935.91509
167,DOM,10405943,2016-07-28,154,Dominican Republic,19.0,-70.6667,-7866581.06004,2154935.91509
168,DOM,10405943,2016-08-05,252,Dominican Republic,19.0,-70.6667,-7866581.06004,2154935.91509
169,DOM,10405943,2016-08-11,273,Dominican Republic,19.0,-70.6667,-7866581.06004,2154935.91509
170,DOM,10405943,2016-08-18,273,Dominican Republic,19.0,-70.6667,-7866581.06004,2154935.91509
171,DOM,10405943,2016-08-25,294,Dominican Republic,19.0,-70.6667,-7866581.06004,2154935.91509
172,DOM,10405943,2016-09-01,318,Dominican Republic,19.0,-70.6667,-7866581.06004,2154935.91509
173,DOM,10405943,2016-09-15,318,Dominican Republic,19.0,-70.6667,-7866581.06004,2154935.91509
174,ECU,15902916,2016-02-12,25,Ecuador,-2.0,-77.5,-8627260.53648,-222684.208506
175,ECU,15902916,2016-02-18,25,Ecuador,-2.0,-77.5,-8627260.53648,-222684.208506
176,ECU,15902916,2016-02-25,25,Ecuador,-2.0,-77.5,-8627260.53648,-222684.208506
177,ECU,15902916,2016-03-03,40,Ecuador,-2.0,-77.5,-8627260.53648,-222684.208506
178,ECU,15902916,2016-03-10,66,Ecuador,-2.0,-77.5,-8627260.53648,-222684.208506
179,ECU,15902916,2016-03-17,53,Ecuador,-2.0,-77.5,-8627260.53648,-222684.208506
180,ECU,15902916,2016-03-24,53,Ecuador,-2.0,-77.5,-8627260.53648,-222684.208506
181,ECU,15902916,2016-03-31,63,Ecuador,-2.0,-77.5,-8627260.53648,-222684.208506
182,ECU,15902916,2016-04-07,69,Ecuador,-2.0,-77.5,-8627260.53648,-222684.208506
183,ECU,15902916,2016-04-14,71,Ecuador,-2.0,-77.5,-8627260.53648,-222684.208506
184,ECU,15902916,2016-04-21,92,Ecuador,-2.0,-77.5,-8627260.53648,-222684.208506
185,ECU,15902916,2016-04-28,77,Ecuador,-2.0,-77.5,-8627260.53648,-222684.208506
186,ECU,15902916,2016-05-05,77,Ecuador,-2.0,-77.5,-8627260.53648,-222684.208506
187,ECU,15902916,2016-05-12,77,Ecuador,-2.0,-77.5,-8627260.53648,-222684.208506
188,ECU,15902916,2016-05-19,79,Ecuador,-2.0,-77.5,-8627260.53648,-222684.208506
189,ECU,15902916,2016-05-26,114,Ecuador,-2.0,-77.5,-8627260.53648,-222684.208506
190,ECU,15902916,2016-06-02,143,Ecuador,-2.0,-77.5,-8627260.53648,-222684.208506
191,ECU,15902916,2016-06-09,242,Ecuador,-2.0,-77.5,-8627260.53648,-222684.208506
192,ECU,15902916,2016-06-16,240,Ecuador,-2.0,-77.5,-8627260.53648,-222684.208506
193,ECU,15902916,2016-06-24,418,Ecuador,-2.0,-77.5,-8627260.53648,-222684.208506
194,ECU,15902916,2016-07-14,1082,Ecuador,-2.0,-77.5,-8627260.53648,-222684.208506
195,ECU,15902916,2016-07-21,1082,Ecuador,-2.0,-77.5,-8627260.53648,-222684.208506
196,ECU,15902916,2016-07-28,1481,Ecuador,-2.0,-77.5,-8627260.53648,-222684.208506
197,ECU,15902916,2016-08-05,1636,Ecuador,-2.0,-77.5,-8627260.53648,-222684.208506
198,ECU,15902916,2016-08-11,1777,Ecuador,-2.0,-77.5,-8627260.53648,-222684.208506
199,ECU,15902916,2016-08-18,663,Ecuador,-2.0,-77.5,-8627260.53648,-222684.208506
200,ECU,15902916,2016-08-25,681,Ecuador,-2.0,-77.5,-8627260.53648,-222684.208506
201,ECU,15902916,2016-09-01,727,Ecuador,-2.0,-77.5,-8627260.53648,-222684.208506
202,ECU,15902916,2016-09-15,761,Ecuador,-2.0,-77.5,-8627260.53648,-222684.208506
203,SLV,6107706,2016-02-12,3,El Salvador,13.8333,-88.9167,-9898161.76702,1555098.39963
204,SLV,6107706,2016-02-18,3,El Salvador,13.8333,-88.9167,-9898161.76702,1555098.39963
205,SLV,6107706,2016-02-25,3,El Salvador,13.8333,-88.9167,-9898161.76702,1555098.39963
206,SLV,6107706,2016-03-03,3,El Salvador,13.8333,-88.9167,-9898161.76702,1555098.39963
207,SLV,6107706,2016-03-10,3,El Salvador,13.8333,-88.9167,-9898161.76702,1555098.39963
208,SLV,6107706,2016-03-17,3,El Salvador,13.8333,-88.9167,-9898161.76702,1555098.39963
209,SLV,6107706,2016-03-24,3,El Salvador,13.8333,-88.9167,-9898161.76702,1555098.39963
210,SLV,6107706,2016-03-31,3,El Salvador,13.8333,-88.9167,-9898161.76702,1555098.39963
211,SLV,6107706,2016-04-07,46,El Salvador,13.8333,-88.9167,-9898161.76702,1555098.39963
212,SLV,6107706,2016-04-14,43,El Salvador,13.8333,-88.9167,-9898161.76702,1555098.39963
213,SLV,6107706,2016-04-21,43,El Salvador,13.8333,-88.9167,-9898161.76702,1555098.39963
214,SLV,6107706,2016-04-28,46,El Salvador,13.8333,-88.9167,-9898161.76702,1555098.39963
215,SLV,6107706,2016-05-05,46,El Salvador,13.8333,-88.9167,-9898161.76702,1555098.39963
216,SLV,6107706,2016-05-12,46,El Salvador,13.8333,-88.9167,-9898161.76702,1555098.39963
217,SLV,6107706,2016-05-19,46,El Salvador,13.8333,-88.9167,-9898161.76702,1555098.39963
218,SLV,6107706,2016-05-26,46,El Salvador,13.8333,-88.9167,-9898161.76702,1555098.39963
219,SLV,6107706,2016-06-02,46,El Salvador,13.8333,-88.9167,-9898161.76702,1555098.39963
220,SLV,6107706,2016-06-09,46,El Salvador,13.8333,-88.9167,-9898161.76702,1555098.39963
221,SLV,6107706,2016-06-16,46,El Salvador,13.8333,-88.9167,-9898161.76702,1555098.39963
222,SLV,6107706,2016-06-24,46,El Salvador,13.8333,-88.9167,-9898161.76702,1555098.39963
223,SLV,6107706,2016-07-14,46,El Salvador,13.8333,-88.9167,-9898161.76702,1555098.39963
224,SLV,6107706,2016-07-21,51,El Salvador,13.8333,-88.9167,-9898161.76702,1555098.39963
225,SLV,6107706,2016-07-28,54,El Salvador,13.8333,-88.9167,-9898161.76702,1555098.39963
226,SLV,6107706,2016-08-05,54,El Salvador,13.8333,-88.9167,-9898161.76702,1555098.39963
227,SLV,6107706,2016-08-11,54,El Salvador,13.8333,-88.9167,-9898161.76702,1555098.39963
228,SLV,6107706,2016-08-18,54,El Salvador,13.8333,-88.9167,-9898161.76702,1555098.39963
229,SLV,6107706,2016-08-25,51,El Salvador,13.8333,-88.9167,-9898161.76702,1555098.39963
230,SLV,6107706,2016-09-01,51,El Salvador,13.8333,-88.9167,-9898161.76702,1555098.39963
231,SLV,6107706,2016-09-15,51,El Salvador,13.8333,-88.9167,-9898161.76702,1555098.39963
232,GUF,237549,2016-02-12,88,French Guiana,4.0,-53.0,-5899933.01204,445640.109656
233,GUF,237549,2016-02-18,99,French Guiana,4.0,-53.0,-5899933.01204,445640.109656
234,GUF,237549,2016-02-25,99,French Guiana,4.0,-53.0,-5899933.01204,445640.109656
235,GUF,237549,2016-03-03,102,French Guiana,4.0,-53.0,-5899933.01204,445640.109656
236,GUF,237549,2016-03-10,118,French Guiana,4.0,-53.0,-5899933.01204,445640.109656
237,GUF,237549,2016-03-17,142,French Guiana,4.0,-53.0,-5899933.01204,445640.109656
238,GUF,237549,2016-03-24,190,French Guiana,4.0,-53.0,-5899933.01204,445640.109656
239,GUF,237549,2016-03-31,216,French Guiana,4.0,-53.0,-5899933.01204,445640.109656
240,GUF,237549,2016-04-07,299,French Guiana,4.0,-53.0,-5899933.01204,445640.109656
241,GUF,237549,2016-04-14,355,French Guiana,4.0,-53.0,-5899933.01204,445640.109656
242,GUF,237549,2016-04-21,411,French Guiana,4.0,-53.0,-5899933.01204,445640.109656
243,GUF,237549,2016-04-28,483,French Guiana,4.0,-53.0,-5899933.01204,445640.109656
244,GUF,237549,2016-05-05,483,French Guiana,4.0,-53.0,-5899933.01204,445640.109656
245,GUF,237549,2016-05-12,483,French Guiana,4.0,-53.0,-5899933.01204,445640.109656
246,GUF,237549,2016-05-19,483,French Guiana,4.0,-53.0,-5899933.01204,445640.109656
247,GUF,237549,2016-05-26,483,French Guiana,4.0,-53.0,-5899933.01204,445640.109656
248,GUF,237549,2016-06-02,483,French Guiana,4.0,-53.0,-5899933.01204,445640.109656
249,GUF,237549,2016-06-09,483,French Guiana,4.0,-53.0,-5899933.01204,445640.109656
250,GUF,237549,2016-06-16,483,French Guiana,4.0,-53.0,-5899933.01204,445640.109656
251,GUF,237549,2016-06-24,483,French Guiana,4.0,-53.0,-5899933.01204,445640.109656
252,GUF,237549,2016-07-14,483,French Guiana,4.0,-53.0,-5899933.01204,445640.109656
253,GUF,237549,2016-07-21,483,French Guiana,4.0,-53.0,-5899933.01204,445640.109656
254,GUF,237549,2016-07-28,483,French Guiana,4.0,-53.0,-5899933.01204,445640.109656
255,GUF,237549,2016-08-05,483,French Guiana,4.0,-53.0,-5899933.01204,445640.109656
256,GUF,237549,2016-08-11,483,French Guiana,4.0,-53.0,-5899933.01204,445640.109656
257,GUF,237549,2016-08-18,483,French Guiana,4.0,-53.0,-5899933.01204,445640.109656
258,GUF,237549,2016-08-25,483,French Guiana,4.0,-53.0,-5899933.01204,445640.109656
259,GUF,237549,2016-09-01,483,French Guiana,4.0,-53.0,-5899933.01204,445640.109656
260,GUF,237549,2016-09-15,483,French Guiana,4.0,-53.0,-5899933.01204,445640.109656
261,GLP,404635,2016-02-12,17,Guadeloupe,16.25,-61.5833,-6855421.59737,1833692.38571
262,GLP,404635,2016-02-18,25,Guadeloupe,16.25,-61.5833,-6855421.59737,1833692.38571
263,GLP,404635,2016-02-25,25,Guadeloupe,16.25,-61.5833,-6855421.59737,1833692.38571
264,GLP,404635,2016-03-03,35,Guadeloupe,16.25,-61.5833,-6855421.59737,1833692.38571
265,GLP,404635,2016-03-10,66,Guadeloupe,16.25,-61.5833,-6855421.59737,1833692.38571
266,GLP,404635,2016-03-17,77,Guadeloupe,16.25,-61.5833,-6855421.59737,1833692.38571
267,GLP,404635,2016-03-24,104,Guadeloupe,16.25,-61.5833,-6855421.59737,1833692.38571
268,GLP,404635,2016-03-31,151,Guadeloupe,16.25,-61.5833,-6855421.59737,1833692.38571
269,GLP,404635,2016-04-07,139,Guadeloupe,16.25,-61.5833,-6855421.59737,1833692.38571
270,GLP,404635,2016-04-14,191,Guadeloupe,16.25,-61.5833,-6855421.59737,1833692.38571
271,GLP,404635,2016-04-21,239,Guadeloupe,16.25,-61.5833,-6855421.59737,1833692.38571
272,GLP,404635,2016-04-28,306,Guadeloupe,16.25,-61.5833,-6855421.59737,1833692.38571
273,GLP,404635,2016-05-05,412,Guadeloupe,16.25,-61.5833,-6855421.59737,1833692.38571
274,GLP,404635,2016-05-12,379,Guadeloupe,16.25,-61.5833,-6855421.59737,1833692.38571
275,GLP,404635,2016-05-19,379,Guadeloupe,16.25,-61.5833,-6855421.59737,1833692.38571
276,GLP,404635,2016-05-26,379,Guadeloupe,16.25,-61.5833,-6855421.59737,1833692.38571
277,GLP,404635,2016-06-02,379,Guadeloupe,16.25,-61.5833,-6855421.59737,1833692.38571
278,GLP,404635,2016-06-09,379,Guadeloupe,16.25,-61.5833,-6855421.59737,1833692.38571
279,GLP,404635,2016-06-16,379,Guadeloupe,16.25,-61.5833,-6855421.59737,1833692.38571
280,GLP,404635,2016-06-24,379,Guadeloupe,16.25,-61.5833,-6855421.59737,1833692.38571
281,GLP,404635,2016-07-14,379,Guadeloupe,16.25,-61.5833,-6855421.59737,1833692.38571
282,GLP,404635,2016-07-21,379,Guadeloupe,16.25,-61.5833,-6855421.59737,1833692.38571
283,GLP,404635,2016-07-28,379,Guadeloupe,16.25,-61.5833,-6855421.59737,1833692.38571
284,GLP,404635,2016-08-05,379,Guadeloupe,16.25,-61.5833,-6855421.59737,1833692.38571
285,GLP,404635,2016-08-11,379,Guadeloupe,16.25,-61.5833,-6855421.59737,1833692.38571
286,GLP,404635,2016-08-18,379,Guadeloupe,16.25,-61.5833,-6855421.59737,1833692.38571
287,GLP,404635,2016-08-25,379,Guadeloupe,16.25,-61.5833,-6855421.59737,1833692.38571
288,GLP,404635,2016-09-01,379,Guadeloupe,16.25,-61.5833,-6855421.59737,1833692.38571
289,GLP,404635,2016-09-15,379,Guadeloupe,16.25,-61.5833,-6855421.59737,1833692.38571
290,GTM,16015494,2016-02-12,105,Guatemala,15.5,-90.25,-10046584.0441,1746891.55708
291,GTM,16015494,2016-02-18,105,Guatemala,15.5,-90.25,-10046584.0441,1746891.55708
292,GTM,16015494,2016-02-25,105,Guatemala,15.5,-90.25,-10046584.0441,1746891.55708
293,GTM,16015494,2016-03-03,105,Guatemala,15.5,-90.25,-10046584.0441,1746891.55708
294,GTM,16015494,2016-03-10,105,Guatemala,15.5,-90.25,-10046584.0441,1746891.55708
295,GTM,16015494,2016-03-17,210,Guatemala,15.5,-90.25,-10046584.0441,1746891.55708
296,GTM,16015494,2016-03-24,261,Guatemala,15.5,-90.25,-10046584.0441,1746891.55708
297,GTM,16015494,2016-03-31,261,Guatemala,15.5,-90.25,-10046584.0441,1746891.55708
298,GTM,16015494,2016-04-07,261,Guatemala,15.5,-90.25,-10046584.0441,1746891.55708
299,GTM,16015494,2016-04-14,261,Guatemala,15.5,-90.25,-10046584.0441,1746891.55708
300,GTM,16015494,2016-04-21,261,Guatemala,15.5,-90.25,-10046584.0441,1746891.55708
301,GTM,16015494,2016-04-28,261,Guatemala,15.5,-90.25,-10046584.0441,1746891.55708
302,GTM,16015494,2016-05-05,261,Guatemala,15.5,-90.25,-10046584.0441,1746891.55708
303,GTM,16015494,2016-05-12,261,Guatemala,15.5,-90.25,-10046584.0441,1746891.55708
304,GTM,16015494,2016-05-19,261,Guatemala,15.5,-90.25,-10046584.0441,1746891.55708
305,GTM,16015494,2016-05-26,261,Guatemala,15.5,-90.25,-10046584.0441,1746891.55708
306,GTM,16015494,2016-06-02,1162,Guatemala,15.5,-90.25,-10046584.0441,1746891.55708
307,GTM,16015494,2016-06-09,377,Guatemala,15.5,-90.25,-10046584.0441,1746891.55708
308,GTM,16015494,2016-06-16,377,Guatemala,15.5,-90.25,-10046584.0441,1746891.55708
309,GTM,16015494,2016-06-24,1415,Guatemala,15.5,-90.25,-10046584.0441,1746891.55708
310,GTM,16015494,2016-07-14,408,Guatemala,15.5,-90.25,-10046584.0441,1746891.55708
311,GTM,16015494,2016-07-21,408,Guatemala,15.5,-90.25,-10046584.0441,1746891.55708
312,GTM,16015494,2016-07-28,484,Guatemala,15.5,-90.25,-10046584.0441,1746891.55708
313,GTM,16015494,2016-08-05,416,Guatemala,15.5,-90.25,-10046584.0441,1746891.55708
314,GTM,16015494,2016-08-11,416,Guatemala,15.5,-90.25,-10046584.0441,1746891.55708
315,GTM,16015494,2016-08-18,416,Guatemala,15.5,-90.25,-10046584.0441,1746891.55708
316,GTM,16015494,2016-08-25,416,Guatemala,15.5,-90.25,-10046584.0441,1746891.55708
317,GTM,16015494,2016-09-01,437,Guatemala,15.5,-90.25,-10046584.0441,1746891.55708
318,GTM,16015494,2016-09-15,442,Guatemala,15.5,-90.25,-10046584.0441,1746891.55708
319,GUY,763893,2016-02-12,1,Guyana,5.0,-59.0,-6567849.9568,557305.257275
320,GUY,763893,2016-02-18,1,Guyana,5.0,-59.0,-6567849.9568,557305.257275
321,GUY,763893,2016-02-25,1,Guyana,5.0,-59.0,-6567849.9568,557305.257275
322,GUY,763893,2016-03-03,1,Guyana,5.0,-59.0,-6567849.9568,557305.257275
323,GUY,763893,2016-03-10,1,Guyana,5.0,-59.0,-6567849.9568,557305.257275
324,GUY,763893,2016-03-17,1,Guyana,5.0,-59.0,-6567849.9568,557305.257275
325,GUY,763893,2016-03-24,1,Guyana,5.0,-59.0,-6567849.9568,557305.257275
326,GUY,763893,2016-03-31,1,Guyana,5.0,-59.0,-6567849.9568,557305.257275
327,GUY,763893,2016-04-07,1,Guyana,5.0,-59.0,-6567849.9568,557305.257275
328,GUY,763893,2016-04-14,1,Guyana,5.0,-59.0,-6567849.9568,557305.257275
329,GUY,763893,2016-04-21,6,Guyana,5.0,-59.0,-6567849.9568,557305.257275
330,GUY,763893,2016-04-28,6,Guyana,5.0,-59.0,-6567849.9568,557305.257275
331,GUY,763893,2016-05-05,6,Guyana,5.0,-59.0,-6567849.9568,557305.257275
332,GUY,763893,2016-05-12,6,Guyana,5.0,-59.0,-6567849.9568,557305.257275
333,GUY,763893,2016-05-19,6,Guyana,5.0,-59.0,-6567849.9568,557305.257275
334,GUY,763893,2016-05-26,6,Guyana,5.0,-59.0,-6567849.9568,557305.257275
335,GUY,763893,2016-06-02,6,Guyana,5.0,-59.0,-6567849.9568,557305.257275
336,GUY,763893,2016-06-09,6,Guyana,5.0,-59.0,-6567849.9568,557305.257275
337,GUY,763893,2016-06-16,6,Guyana,5.0,-59.0,-6567849.9568,557305.257275
338,GUY,763893,2016-06-24,6,Guyana,5.0,-59.0,-6567849.9568,557305.257275
339,GUY,763893,2016-07-14,6,Guyana,5.0,-59.0,-6567849.9568,557305.257275
340,GUY,763893,2016-07-21,6,Guyana,5.0,-59.0,-6567849.9568,557305.257275
341,GUY,763893,2016-07-28,6,Guyana,5.0,-59.0,-6567849.9568,557305.257275
342,GUY,763893,2016-08-05,6,Guyana,5.0,-59.0,-6567849.9568,557305.257275
343,GUY,763893,2016-08-11,6,Guyana,5.0,-59.0,-6567849.9568,557305.257275
344,GUY,763893,2016-08-18,6,Guyana,5.0,-59.0,-6567849.9568,557305.257275
345,GUY,763893,2016-08-25,6,Guyana,5.0,-59.0,-6567849.9568,557305.257275
346,GUY,763893,2016-09-01,6,Guyana,5.0,-59.0,-6567849.9568,557305.257275
347,GUY,763893,2016-09-15,6,Guyana,5.0,-59.0,-6567849.9568,557305.257275
348,HTI,10572029,2016-02-12,5,Haiti,19.0,-72.4167,-8061390.16893,2154935.91509
349,HTI,10572029,2016-02-18,5,Haiti,19.0,-72.4167,-8061390.16893,2154935.91509
350,HTI,10572029,2016-02-25,5,Haiti,19.0,-72.4167,-8061390.16893,2154935.91509
351,HTI,10572029,2016-03-03,5,Haiti,19.0,-72.4167,-8061390.16893,2154935.91509
352,HTI,10572029,2016-03-10,5,Haiti,19.0,-72.4167,-8061390.16893,2154935.91509
353,HTI,10572029,2016-03-17,5,Haiti,19.0,-72.4167,-8061390.16893,2154935.91509
354,HTI,10572029,2016-03-24,5,Haiti,19.0,-72.4167,-8061390.16893,2154935.91509
355,HTI,10572029,2016-03-31,5,Haiti,19.0,-72.4167,-8061390.16893,2154935.91509
356,HTI,10572029,2016-04-07,5,Haiti,19.0,-72.4167,-8061390.16893,2154935.91509
357,HTI,10572029,2016-04-14,5,Haiti,19.0,-72.4167,-8061390.16893,2154935.91509
358,HTI,10572029,2016-04-21,5,Haiti,19.0,-72.4167,-8061390.16893,2154935.91509
359,HTI,10572029,2016-04-28,5,Haiti,19.0,-72.4167,-8061390.16893,2154935.91509
360,HTI,10572029,2016-05-05,5,Haiti,19.0,-72.4167,-8061390.16893,2154935.91509
361,HTI,10572029,2016-05-12,5,Haiti,19.0,-72.4167,-8061390.16893,2154935.91509
362,HTI,10572029,2016-05-19,5,Haiti,19.0,-72.4167,-8061390.16893,2154935.91509
363,HTI,10572029,2016-05-26,5,Haiti,19.0,-72.4167,-8061390.16893,2154935.91509
364,HTI,10572029,2016-06-02,5,Haiti,19.0,-72.4167,-8061390.16893,2154935.91509
365,HTI,10572029,2016-06-09,5,Haiti,19.0,-72.4167,-8061390.16893,2154935.91509
366,HTI,10572029,2016-06-16,5,Haiti,19.0,-72.4167,-8061390.16893,2154935.91509
367,HTI,10572029,2016-06-24,5,Haiti,19.0,-72.4167,-8061390.16893,2154935.91509
368,HTI,10572029,2016-07-14,5,Haiti,19.0,-72.4167,-8061390.16893,2154935.91509
369,HTI,10572029,2016-07-21,5,Haiti,19.0,-72.4167,-8061390.16893,2154935.91509
370,HTI,10572029,2016-07-28,5,Haiti,19.0,-72.4167,-8061390.16893,2154935.91509
371,HTI,10572029,2016-08-05,5,Haiti,19.0,-72.4167,-8061390.16893,2154935.91509
372,HTI,10572029,2016-08-11,5,Haiti,19.0,-72.4167,-8061390.16893,2154935.91509
373,HTI,10572029,2016-08-18,5,Haiti,19.0,-72.4167,-8061390.16893,2154935.91509
374,HTI,10572029,2016-08-25,5,Haiti,19.0,-72.4167,-8061390.16893,2154935.91509
375,HTI,10572029,2016-09-01,5,Haiti,19.0,-72.4167,-8061390.16893,2154935.91509
376,HTI,10572029,2016-09-15,5,Haiti,19.0,-72.4167,-8061390.16893,2154935.91509
377,HND,7961680,2016-02-12,2,Honduras,15.0,-86.5,-9629135.95362,1689200.13961
378,HND,7961680,2016-02-18,2,Honduras,15.0,-86.5,-9629135.95362,1689200.13961
379,HND,7961680,2016-02-25,2,Honduras,15.0,-86.5,-9629135.95362,1689200.13961
380,HND,7961680,2016-03-03,2,Honduras,15.0,-86.5,-9629135.95362,1689200.13961
381,HND,7961680,2016-03-10,2,Honduras,15.0,-86.5,-9629135.95362,1689200.13961
382,HND,7961680,2016-03-17,2,Honduras,15.0,-86.5,-9629135.95362,1689200.13961
383,HND,7961680,2016-03-24,2,Honduras,15.0,-86.5,-9629135.95362,1689200.13961
384,HND,7961680,2016-03-31,2,Honduras,15.0,-86.5,-9629135.95362,1689200.13961
385,HND,7961680,2016-04-07,2,Honduras,15.0,-86.5,-9629135.95362,1689200.13961
386,HND,7961680,2016-04-14,2,Honduras,15.0,-86.5,-9629135.95362,1689200.13961
387,HND,7961680,2016-04-21,2,Honduras,15.0,-86.5,-9629135.95362,1689200.13961
388,HND,7961680,2016-04-28,2,Honduras,15.0,-86.5,-9629135.95362,1689200.13961
389,HND,7961680,2016-05-05,2,Honduras,15.0,-86.5,-9629135.95362,1689200.13961
390,HND,7961680,2016-05-12,2,Honduras,15.0,-86.5,-9629135.95362,1689200.13961
391,HND,7961680,2016-05-19,2,Honduras,15.0,-86.5,-9629135.95362,1689200.13961
392,HND,7961680,2016-05-26,2,Honduras,15.0,-86.5,-9629135.95362,1689200.13961
393,HND,7961680,2016-06-02,44,Honduras,15.0,-86.5,-9629135.95362,1689200.13961
394,HND,7961680,2016-06-09,44,Honduras,15.0,-86.5,-9629135.95362,1689200.13961
395,HND,7961680,2016-06-16,44,Honduras,15.0,-86.5,-9629135.95362,1689200.13961
396,HND,7961680,2016-06-24,44,Honduras,15.0,-86.5,-9629135.95362,1689200.13961
397,HND,7961680,2016-07-14,46,Honduras,15.0,-86.5,-9629135.95362,1689200.13961
398,HND,7961680,2016-07-21,131,Honduras,15.0,-86.5,-9629135.95362,1689200.13961
399,HND,7961680,2016-07-28,131,Honduras,15.0,-86.5,-9629135.95362,1689200.13961
400,HND,7961680,2016-08-05,131,Honduras,15.0,-86.5,-9629135.95362,1689200.13961
401,HND,7961680,2016-08-11,191,Honduras,15.0,-86.5,-9629135.95362,1689200.13961
402,HND,7961680,2016-08-18,191,Honduras,15.0,-86.5,-9629135.95362,1689200.13961
403,HND,7961680,2016-08-25,225,Honduras,15.0,-86.5,-9629135.95362,1689200.13961
404,HND,7961680,2016-09-01,225,Honduras,15.0,-86.5,-9629135.95362,1689200.13961
405,HND,7961680,2016-09-15,269,Honduras,15.0,-86.5,-9629135.95362,1689200.13961
406,JAM,2721252,2016-02-12,1,Jamaica,18.25,-77.5,-8627260.53648,2066831.46009
407,JAM,2721252,2016-02-18,1,Jamaica,18.25,-77.5,-8627260.53648,2066831.46009
408,JAM,2721252,2016-02-25,1,Jamaica,18.25,-77.5,-8627260.53648,2066831.46009
409,JAM,2721252,2016-03-03,1,Jamaica,18.25,-77.5,-8627260.53648,2066831.46009
410,JAM,2721252,2016-03-10,1,Jamaica,18.25,-77.5,-8627260.53648,2066831.46009
411,JAM,2721252,2016-03-17,1,Jamaica,18.25,-77.5,-8627260.53648,2066831.46009
412,JAM,2721252,2016-03-24,1,Jamaica,18.25,-77.5,-8627260.53648,2066831.46009
413,JAM,2721252,2016-03-31,1,Jamaica,18.25,-77.5,-8627260.53648,2066831.46009
414,JAM,2721252,2016-04-07,1,Jamaica,18.25,-77.5,-8627260.53648,2066831.46009
415,JAM,2721252,2016-04-14,1,Jamaica,18.25,-77.5,-8627260.53648,2066831.46009
416,JAM,2721252,2016-04-21,1,Jamaica,18.25,-77.5,-8627260.53648,2066831.46009
417,JAM,2721252,2016-04-28,8,Jamaica,18.25,-77.5,-8627260.53648,2066831.46009
418,JAM,2721252,2016-05-05,8,Jamaica,18.25,-77.5,-8627260.53648,2066831.46009
419,JAM,2721252,2016-05-12,8,Jamaica,18.25,-77.5,-8627260.53648,2066831.46009
420,JAM,2721252,2016-05-19,8,Jamaica,18.25,-77.5,-8627260.53648,2066831.46009
421,JAM,2721252,2016-05-26,8,Jamaica,18.25,-77.5,-8627260.53648,2066831.46009
422,JAM,2721252,2016-06-02,14,Jamaica,18.25,-77.5,-8627260.53648,2066831.46009
423,JAM,2721252,2016-06-09,16,Jamaica,18.25,-77.5,-8627260.53648,2066831.46009
424,JAM,2721252,2016-06-16,21,Jamaica,18.25,-77.5,-8627260.53648,2066831.46009
425,JAM,2721252,2016-06-24,24,Jamaica,18.25,-77.5,-8627260.53648,2066831.46009
426,JAM,2721252,2016-07-14,44,Jamaica,18.25,-77.5,-8627260.53648,2066831.46009
427,JAM,2721252,2016-07-21,44,Jamaica,18.25,-77.5,-8627260.53648,2066831.46009
428,JAM,2721252,2016-07-28,55,Jamaica,18.25,-77.5,-8627260.53648,2066831.46009
429,JAM,2721252,2016-08-05,58,Jamaica,18.25,-77.5,-8627260.53648,2066831.46009
430,JAM,2721252,2016-08-11,58,Jamaica,18.25,-77.5,-8627260.53648,2066831.46009
431,JAM,2721252,2016-08-18,59,Jamaica,18.25,-77.5,-8627260.53648,2066831.46009
432,JAM,2721252,2016-08-25,59,Jamaica,18.25,-77.5,-8627260.53648,2066831.46009
433,JAM,2721252,2016-09-01,73,Jamaica,18.25,-77.5,-8627260.53648,2066831.46009
434,JAM,2721252,2016-09-15,83,Jamaica,18.25,-77.5,-8627260.53648,2066831.46009
435,MTQ,392291,2016-02-12,12,Martinique,14.6667,-61.0,-6790488.93839,1650818.19774
436,MTQ,392291,2016-02-18,12,Martinique,14.6667,-61.0,-6790488.93839,1650818.19774
437,MTQ,392291,2016-02-25,12,Martinique,14.6667,-61.0,-6790488.93839,1650818.19774
438,MTQ,392291,2016-03-03,12,Martinique,14.6667,-61.0,-6790488.93839,1650818.19774
439,MTQ,392291,2016-03-10,12,Martinique,14.6667,-61.0,-6790488.93839,1650818.19774
440,MTQ,392291,2016-03-17,12,Martinique,14.6667,-61.0,-6790488.93839,1650818.19774
441,MTQ,392291,2016-03-24,12,Martinique,14.6667,-61.0,-6790488.93839,1650818.19774
442,MTQ,392291,2016-03-31,12,Martinique,14.6667,-61.0,-6790488.93839,1650818.19774
443,MTQ,392291,2016-04-07,12,Martinique,14.6667,-61.0,-6790488.93839,1650818.19774
444,MTQ,392291,2016-04-14,12,Martinique,14.6667,-61.0,-6790488.93839,1650818.19774
445,MTQ,392291,2016-04-21,12,Martinique,14.6667,-61.0,-6790488.93839,1650818.19774
446,MTQ,392291,2016-04-28,12,Martinique,14.6667,-61.0,-6790488.93839,1650818.19774
447,MTQ,392291,2016-05-05,12,Martinique,14.6667,-61.0,-6790488.93839,1650818.19774
448,MTQ,392291,2016-05-12,12,Martinique,14.6667,-61.0,-6790488.93839,1650818.19774
449,MTQ,392291,2016-05-19,12,Martinique,14.6667,-61.0,-6790488.93839,1650818.19774
450,MTQ,392291,2016-05-26,12,Martinique,14.6667,-61.0,-6790488.93839,1650818.19774
451,MTQ,392291,2016-06-02,12,Martinique,14.6667,-61.0,-6790488.93839,1650818.19774
452,MTQ,392291,2016-06-09,12,Martinique,14.6667,-61.0,-6790488.93839,1650818.19774
453,MTQ,392291,2016-06-16,12,Martinique,14.6667,-61.0,-6790488.93839,1650818.19774
454,MTQ,392291,2016-06-24,12,Martinique,14.6667,-61.0,-6790488.93839,1650818.19774
455,MTQ,392291,2016-07-14,12,Martinique,14.6667,-61.0,-6790488.93839,1650818.19774
456,MTQ,392291,2016-07-21,12,Martinique,14.6667,-61.0,-6790488.93839,1650818.19774
457,MTQ,392291,2016-07-28,12,Martinique,14.6667,-61.0,-6790488.93839,1650818.19774
458,MTQ,392291,2016-08-05,12,Martinique,14.6667,-61.0,-6790488.93839,1650818.19774
459,MTQ,392291,2016-08-11,12,Martinique,14.6667,-61.0,-6790488.93839,1650818.19774
460,MTQ,392291,2016-08-18,12,Martinique,14.6667,-61.0,-6790488.93839,1650818.19774
461,MTQ,392291,2016-08-25,12,Martinique,14.6667,-61.0,-6790488.93839,1650818.19774
462,MTQ,392291,2016-09-01,12,Martinique,14.6667,-61.0,-6790488.93839,1650818.19774
463,MTQ,392291,2016-09-15,12,Martinique,14.6667,-61.0,-6790488.93839,1650818.19774
464,MEX,125385833,2016-02-12,65,Mexico,23.0,-102.0,-11354588.0609,2632018.63759
465,MEX,125385833,2016-02-18,80,Mexico,23.0,-102.0,-11354588.0609,2632018.63759
466,MEX,125385833,2016-02-25,93,Mexico,23.0,-102.0,-11354588.0609,2632018.63759
467,MEX,125385833,2016-03-03,121,Mexico,23.0,-102.0,-11354588.0609,2632018.63759
468,MEX,125385833,2016-03-10,143,Mexico,23.0,-102.0,-11354588.0609,2632018.63759
469,MEX,125385833,2016-03-17,151,Mexico,23.0,-102.0,-11354588.0609,2632018.63759
470,MEX,125385833,2016-03-24,151,Mexico,23.0,-102.0,-11354588.0609,2632018.63759
471,MEX,125385833,2016-03-31,185,Mexico,23.0,-102.0,-11354588.0609,2632018.63759
472,MEX,125385833,2016-04-07,201,Mexico,23.0,-102.0,-11354588.0609,2632018.63759
473,MEX,125385833,2016-04-14,222,Mexico,23.0,-102.0,-11354588.0609,2632018.63759
474,MEX,125385833,2016-04-21,239,Mexico,23.0,-102.0,-11354588.0609,2632018.63759
475,MEX,125385833,2016-04-28,252,Mexico,23.0,-102.0,-11354588.0609,2632018.63759
476,MEX,125385833,2016-05-05,264,Mexico,23.0,-102.0,-11354588.0609,2632018.63759
477,MEX,125385833,2016-05-12,272,Mexico,23.0,-102.0,-11354588.0609,2632018.63759
478,MEX,125385833,2016-05-19,288,Mexico,23.0,-102.0,-11354588.0609,2632018.63759
479,MEX,125385833,2016-05-26,310,Mexico,23.0,-102.0,-11354588.0609,2632018.63759
480,MEX,125385833,2016-06-02,314,Mexico,23.0,-102.0,-11354588.0609,2632018.63759
481,MEX,125385833,2016-06-09,345,Mexico,23.0,-102.0,-11354588.0609,2632018.63759
482,MEX,125385833,2016-06-16,357,Mexico,23.0,-102.0,-11354588.0609,2632018.63759
483,MEX,125385833,2016-06-24,419,Mexico,23.0,-102.0,-11354588.0609,2632018.63759
484,MEX,125385833,2016-07-14,786,Mexico,23.0,-102.0,-11354588.0609,2632018.63759
485,MEX,125385833,2016-07-21,927,Mexico,23.0,-102.0,-11354588.0609,2632018.63759
486,MEX,125385833,2016-07-28,1115,Mexico,23.0,-102.0,-11354588.0609,2632018.63759
487,MEX,125385833,2016-08-05,1285,Mexico,23.0,-102.0,-11354588.0609,2632018.63759
488,MEX,125385833,2016-08-11,1490,Mexico,23.0,-102.0,-11354588.0609,2632018.63759
489,MEX,125385833,2016-08-18,1619,Mexico,23.0,-102.0,-11354588.0609,2632018.63759
490,MEX,125385833,2016-08-25,1884,Mexico,23.0,-102.0,-11354588.0609,2632018.63759
491,MEX,125385833,2016-09-01,2133,Mexico,23.0,-102.0,-11354588.0609,2632018.63759
492,MEX,125385833,2016-09-15,2782,Mexico,23.0,-102.0,-11354588.0609,2632018.63759
493,NIC,6013913,2016-02-12,47,Nicaragua,13.0,-85.0,-9462156.71743,1459732.27188
494,NIC,6013913,2016-02-18,66,Nicaragua,13.0,-85.0,-9462156.71743,1459732.27188
495,NIC,6013913,2016-02-25,66,Nicaragua,13.0,-85.0,-9462156.71743,1459732.27188
496,NIC,6013913,2016-03-03,92,Nicaragua,13.0,-85.0,-9462156.71743,1459732.27188
497,NIC,6013913,2016-03-10,93,Nicaragua,13.0,-85.0,-9462156.71743,1459732.27188
498,NIC,6013913,2016-03-17,119,Nicaragua,13.0,-85.0,-9462156.71743,1459732.27188
499,NIC,6013913,2016-03-24,119,Nicaragua,13.0,-85.0,-9462156.71743,1459732.27188
500,NIC,6013913,2016-03-31,129,Nicaragua,13.0,-85.0,-9462156.71743,1459732.27188
501,NIC,6013913,2016-04-07,131,Nicaragua,13.0,-85.0,-9462156.71743,1459732.27188
502,NIC,6013913,2016-04-14,135,Nicaragua,13.0,-85.0,-9462156.71743,1459732.27188
503,NIC,6013913,2016-04-21,139,Nicaragua,13.0,-85.0,-9462156.71743,1459732.27188
504,NIC,6013913,2016-04-28,154,Nicaragua,13.0,-85.0,-9462156.71743,1459732.27188
505,NIC,6013913,2016-05-05,167,Nicaragua,13.0,-85.0,-9462156.71743,1459732.27188
506,NIC,6013913,2016-05-12,167,Nicaragua,13.0,-85.0,-9462156.71743,1459732.27188
507,NIC,6013913,2016-05-19,197,Nicaragua,13.0,-85.0,-9462156.71743,1459732.27188
508,NIC,6013913,2016-05-26,207,Nicaragua,13.0,-85.0,-9462156.71743,1459732.27188
509,NIC,6013913,2016-06-02,207,Nicaragua,13.0,-85.0,-9462156.71743,1459732.27188
510,NIC,6013913,2016-06-09,207,Nicaragua,13.0,-85.0,-9462156.71743,1459732.27188
511,NIC,6013913,2016-06-16,207,Nicaragua,13.0,-85.0,-9462156.71743,1459732.27188
512,NIC,6013913,2016-06-24,274,Nicaragua,13.0,-85.0,-9462156.71743,1459732.27188
513,NIC,6013913,2016-07-14,385,Nicaragua,13.0,-85.0,-9462156.71743,1459732.27188
514,NIC,6013913,2016-07-21,614,Nicaragua,13.0,-85.0,-9462156.71743,1459732.27188
515,NIC,6013913,2016-07-28,736,Nicaragua,13.0,-85.0,-9462156.71743,1459732.27188
516,NIC,6013913,2016-08-05,736,Nicaragua,13.0,-85.0,-9462156.71743,1459732.27188
517,NIC,6013913,2016-08-11,1088,Nicaragua,13.0,-85.0,-9462156.71743,1459732.27188
518,NIC,6013913,2016-08-18,1366,Nicaragua,13.0,-85.0,-9462156.71743,1459732.27188
519,NIC,6013913,2016-08-25,1554,Nicaragua,13.0,-85.0,-9462156.71743,1459732.27188
520,NIC,6013913,2016-09-01,1661,Nicaragua,13.0,-85.0,-9462156.71743,1459732.27188
521,NIC,6013913,2016-09-15,1845,Nicaragua,13.0,-85.0,-9462156.71743,1459732.27188
522,PAN,3867535,2016-02-12,42,Panama,9.0,-80.0,-8905559.26346,1006021.06276
523,PAN,3867535,2016-02-18,60,Panama,9.0,-80.0,-8905559.26346,1006021.06276
524,PAN,3867535,2016-02-25,86,Panama,9.0,-80.0,-8905559.26346,1006021.06276
525,PAN,3867535,2016-03-03,106,Panama,9.0,-80.0,-8905559.26346,1006021.06276
526,PAN,3867535,2016-03-10,112,Panama,9.0,-80.0,-8905559.26346,1006021.06276
527,PAN,3867535,2016-03-17,117,Panama,9.0,-80.0,-8905559.26346,1006021.06276
528,PAN,3867535,2016-03-24,134,Panama,9.0,-80.0,-8905559.26346,1006021.06276
529,PAN,3867535,2016-03-31,141,Panama,9.0,-80.0,-8905559.26346,1006021.06276
530,PAN,3867535,2016-04-07,196,Panama,9.0,-80.0,-8905559.26346,1006021.06276
531,PAN,3867535,2016-04-14,220,Panama,9.0,-80.0,-8905559.26346,1006021.06276
532,PAN,3867535,2016-04-21,220,Panama,9.0,-80.0,-8905559.26346,1006021.06276
533,PAN,3867535,2016-04-28,220,Panama,9.0,-80.0,-8905559.26346,1006021.06276
534,PAN,3867535,2016-05-05,220,Panama,9.0,-80.0,-8905559.26346,1006021.06276
535,PAN,3867535,2016-05-12,220,Panama,9.0,-80.0,-8905559.26346,1006021.06276
536,PAN,3867535,2016-05-19,251,Panama,9.0,-80.0,-8905559.26346,1006021.06276
537,PAN,3867535,2016-05-26,274,Panama,9.0,-80.0,-8905559.26346,1006021.06276
538,PAN,3867535,2016-06-02,274,Panama,9.0,-80.0,-8905559.26346,1006021.06276
539,PAN,3867535,2016-06-09,276,Panama,9.0,-80.0,-8905559.26346,1006021.06276
540,PAN,3867535,2016-06-16,276,Panama,9.0,-80.0,-8905559.26346,1006021.06276
541,PAN,3867535,2016-06-24,283,Panama,9.0,-80.0,-8905559.26346,1006021.06276
542,PAN,3867535,2016-07-14,293,Panama,9.0,-80.0,-8905559.26346,1006021.06276
543,PAN,3867535,2016-07-21,295,Panama,9.0,-80.0,-8905559.26346,1006021.06276
544,PAN,3867535,2016-07-28,295,Panama,9.0,-80.0,-8905559.26346,1006021.06276
545,PAN,3867535,2016-08-05,295,Panama,9.0,-80.0,-8905559.26346,1006021.06276
546,PAN,3867535,2016-08-11,295,Panama,9.0,-80.0,-8905559.26346,1006021.06276
547,PAN,3867535,2016-08-18,303,Panama,9.0,-80.0,-8905559.26346,1006021.06276
548,PAN,3867535,2016-08-25,272,Panama,9.0,-80.0,-8905559.26346,1006021.06276
549,PAN,3867535,2016-09-01,272,Panama,9.0,-80.0,-8905559.26346,1006021.06276
550,PAN,3867535,2016-09-15,323,Panama,9.0,-80.0,-8905559.26346,1006021.06276
551,PRY,6552518,2016-02-12,6,Paraguay,-23.0,-58.0,-6456530.46601,-2632018.63759
552,PRY,6552518,2016-02-18,6,Paraguay,-23.0,-58.0,-6456530.46601,-2632018.63759
553,PRY,6552518,2016-02-25,6,Paraguay,-23.0,-58.0,-6456530.46601,-2632018.63759
554,PRY,6552518,2016-03-03,6,Paraguay,-23.0,-58.0,-6456530.46601,-2632018.63759
555,PRY,6552518,2016-03-10,6,Paraguay,-23.0,-58.0,-6456530.46601,-2632018.63759
556,PRY,6552518,2016-03-17,7,Paraguay,-23.0,-58.0,-6456530.46601,-2632018.63759
557,PRY,6552518,2016-03-24,7,Paraguay,-23.0,-58.0,-6456530.46601,-2632018.63759
558,PRY,6552518,2016-03-31,7,Paraguay,-23.0,-58.0,-6456530.46601,-2632018.63759
559,PRY,6552518,2016-04-07,7,Paraguay,-23.0,-58.0,-6456530.46601,-2632018.63759
560,PRY,6552518,2016-04-14,7,Paraguay,-23.0,-58.0,-6456530.46601,-2632018.63759
561,PRY,6552518,2016-04-21,7,Paraguay,-23.0,-58.0,-6456530.46601,-2632018.63759
562,PRY,6552518,2016-04-28,7,Paraguay,-23.0,-58.0,-6456530.46601,-2632018.63759
563,PRY,6552518,2016-05-05,7,Paraguay,-23.0,-58.0,-6456530.46601,-2632018.63759
564,PRY,6552518,2016-05-12,7,Paraguay,-23.0,-58.0,-6456530.46601,-2632018.63759
565,PRY,6552518,2016-05-19,7,Paraguay,-23.0,-58.0,-6456530.46601,-2632018.63759
566,PRY,6552518,2016-05-26,8,Paraguay,-23.0,-58.0,-6456530.46601,-2632018.63759
567,PRY,6552518,2016-06-02,8,Paraguay,-23.0,-58.0,-6456530.46601,-2632018.63759
568,PRY,6552518,2016-06-09,8,Paraguay,-23.0,-58.0,-6456530.46601,-2632018.63759
569,PRY,6552518,2016-06-16,8,Paraguay,-23.0,-58.0,-6456530.46601,-2632018.63759
570,PRY,6552518,2016-06-24,8,Paraguay,-23.0,-58.0,-6456530.46601,-2632018.63759
571,PRY,6552518,2016-07-14,8,Paraguay,-23.0,-58.0,-6456530.46601,-2632018.63759
572,PRY,6552518,2016-07-21,8,Paraguay,-23.0,-58.0,-6456530.46601,-2632018.63759
573,PRY,6552518,2016-07-28,8,Paraguay,-23.0,-58.0,-6456530.46601,-2632018.63759
574,PRY,6552518,2016-08-05,8,Paraguay,-23.0,-58.0,-6456530.46601,-2632018.63759
575,PRY,6552518,2016-08-11,10,Paraguay,-23.0,-58.0,-6456530.46601,-2632018.63759
576,PRY,6552518,2016-08-18,10,Paraguay,-23.0,-58.0,-6456530.46601,-2632018.63759
577,PRY,6552518,2016-08-25,10,Paraguay,-23.0,-58.0,-6456530.46601,-2632018.63759
578,PRY,6552518,2016-09-01,12,Paraguay,-23.0,-58.0,-6456530.46601,-2632018.63759
579,PRY,6552518,2016-09-15,12,Paraguay,-23.0,-58.0,-6456530.46601,-2632018.63759
580,PRI,3548397,2016-02-12,30,Puerto Rico,18.25,-66.5,-7402746.13775,2066831.46009
581,PRI,3548397,2016-02-18,30,Puerto Rico,18.25,-66.5,-7402746.13775,2066831.46009
582,PRI,3548397,2016-02-25,30,Puerto Rico,18.25,-66.5,-7402746.13775,2066831.46009
583,PRI,3548397,2016-03-03,102,Puerto Rico,18.25,-66.5,-7402746.13775,2066831.46009
584,PRI,3548397,2016-03-10,102,Puerto Rico,18.25,-66.5,-7402746.13775,2066831.46009
585,PRI,3548397,2016-03-17,102,Puerto Rico,18.25,-66.5,-7402746.13775,2066831.46009
586,PRI,3548397,2016-03-24,249,Puerto Rico,18.25,-66.5,-7402746.13775,2066831.46009
587,PRI,3548397,2016-03-31,350,Puerto Rico,18.25,-66.5,-7402746.13775,2066831.46009
588,PRI,3548397,2016-04-07,372,Puerto Rico,18.25,-66.5,-7402746.13775,2066831.46009
589,PRI,3548397,2016-04-14,436,Puerto Rico,18.25,-66.5,-7402746.13775,2066831.46009
590,PRI,3548397,2016-04-21,550,Puerto Rico,18.25,-66.5,-7402746.13775,2066831.46009
591,PRI,3548397,2016-04-28,626,Puerto Rico,18.25,-66.5,-7402746.13775,2066831.46009
592,PRI,3548397,2016-05-05,707,Puerto Rico,18.25,-66.5,-7402746.13775,2066831.46009
593,PRI,3548397,2016-05-12,707,Puerto Rico,18.25,-66.5,-7402746.13775,2066831.46009
594,PRI,3548397,2016-05-19,707,Puerto Rico,18.25,-66.5,-7402746.13775,2066831.46009
595,PRI,3548397,2016-05-26,1106,Puerto Rico,18.25,-66.5,-7402746.13775,2066831.46009
596,PRI,3548397,2016-06-02,1170,Puerto Rico,18.25,-66.5,-7402746.13775,2066831.46009
597,PRI,3548397,2016-06-09,1352,Puerto Rico,18.25,-66.5,-7402746.13775,2066831.46009
598,PRI,3548397,2016-06-16,1352,Puerto Rico,18.25,-66.5,-7402746.13775,2066831.46009
599,PRI,3548397,2016-06-24,1352,Puerto Rico,18.25,-66.5,-7402746.13775,2066831.46009
600,PRI,3548397,2016-07-14,2162,Puerto Rico,18.25,-66.5,-7402746.13775,2066831.46009
601,PRI,3548397,2016-07-21,4437,Puerto Rico,18.25,-66.5,-7402746.13775,2066831.46009
602,PRI,3548397,2016-07-28,5582,Puerto Rico,18.25,-66.5,-7402746.13775,2066831.46009
603,PRI,3548397,2016-08-05,7296,Puerto Rico,18.25,-66.5,-7402746.13775,2066831.46009
604,PRI,3548397,2016-08-11,8766,Puerto Rico,18.25,-66.5,-7402746.13775,2066831.46009
605,PRI,3548397,2016-08-18,10690,Puerto Rico,18.25,-66.5,-7402746.13775,2066831.46009
606,PRI,3548397,2016-08-25,13186,Puerto Rico,18.25,-66.5,-7402746.13775,2066831.46009
607,PRI,3548397,2016-09-01,14334,Puerto Rico,18.25,-66.5,-7402746.13775,2066831.46009
608,PRI,3548397,2016-09-15,17871,Puerto Rico,18.25,-66.5,-7402746.13775,2066831.46009
609,SUR,538248,2016-02-12,6,Suriname,4.0,-56.0,-6233891.48442,445640.109656
610,SUR,538248,2016-02-18,6,Suriname,4.0,-56.0,-6233891.48442,445640.109656
611,SUR,538248,2016-02-25,6,Suriname,4.0,-56.0,-6233891.48442,445640.109656
612,SUR,538248,2016-03-03,2,Suriname,4.0,-56.0,-6233891.48442,445640.109656
613,SUR,538248,2016-03-10,2,Suriname,4.0,-56.0,-6233891.48442,445640.109656
614,SUR,538248,2016-03-17,2,Suriname,4.0,-56.0,-6233891.48442,445640.109656
615,SUR,538248,2016-03-24,2,Suriname,4.0,-56.0,-6233891.48442,445640.109656
616,SUR,538248,2016-03-31,2,Suriname,4.0,-56.0,-6233891.48442,445640.109656
617,SUR,538248,2016-04-07,485,Suriname,4.0,-56.0,-6233891.48442,445640.109656
618,SUR,538248,2016-04-14,485,Suriname,4.0,-56.0,-6233891.48442,445640.109656
619,SUR,538248,2016-04-21,527,Suriname,4.0,-56.0,-6233891.48442,445640.109656
620,SUR,538248,2016-04-28,527,Suriname,4.0,-56.0,-6233891.48442,445640.109656
621,SUR,538248,2016-05-05,527,Suriname,4.0,-56.0,-6233891.48442,445640.109656
622,SUR,538248,2016-05-12,527,Suriname,4.0,-56.0,-6233891.48442,445640.109656
623,SUR,538248,2016-05-19,527,Suriname,4.0,-56.0,-6233891.48442,445640.109656
624,SUR,538248,2016-05-26,527,Suriname,4.0,-56.0,-6233891.48442,445640.109656
625,SUR,538248,2016-06-02,527,Suriname,4.0,-56.0,-6233891.48442,445640.109656
626,SUR,538248,2016-06-09,527,Suriname,4.0,-56.0,-6233891.48442,445640.109656
627,SUR,538248,2016-06-16,527,Suriname,4.0,-56.0,-6233891.48442,445640.109656
628,SUR,538248,2016-06-24,697,Suriname,4.0,-56.0,-6233891.48442,445640.109656
629,SUR,538248,2016-07-14,697,Suriname,4.0,-56.0,-6233891.48442,445640.109656
630,SUR,538248,2016-07-21,697,Suriname,4.0,-56.0,-6233891.48442,445640.109656
631,SUR,538248,2016-07-28,697,Suriname,4.0,-56.0,-6233891.48442,445640.109656
632,SUR,538248,2016-08-05,697,Suriname,4.0,-56.0,-6233891.48442,445640.109656
633,SUR,538248,2016-08-11,697,Suriname,4.0,-56.0,-6233891.48442,445640.109656
634,SUR,538248,2016-08-18,697,Suriname,4.0,-56.0,-6233891.48442,445640.109656
635,SUR,538248,2016-08-25,709,Suriname,4.0,-56.0,-6233891.48442,445640.109656
636,SUR,538248,2016-09-01,720,Suriname,4.0,-56.0,-6233891.48442,445640.109656
637,SUR,538248,2016-09-15,721,Suriname,4.0,-56.0,-6233891.48442,445640.109656
638,VIR,104170,2016-02-12,1,"Virgin Islands, U.S.",18.3333,-64.8333,-7217209.94245,2076597.85881
639,VIR,104170,2016-02-18,1,"Virgin Islands, U.S.",18.3333,-64.8333,-7217209.94245,2076597.85881
640,VIR,104170,2016-02-25,4,"Virgin Islands, U.S.",18.3333,-64.8333,-7217209.94245,2076597.85881
641,VIR,104170,2016-03-03,6,"Virgin Islands, U.S.",18.3333,-64.8333,-7217209.94245,2076597.85881
642,VIR,104170,2016-03-10,7,"Virgin Islands, U.S.",18.3333,-64.8333,-7217209.94245,2076597.85881
643,VIR,104170,2016-03-17,11,"Virgin Islands, U.S.",18.3333,-64.8333,-7217209.94245,2076597.85881
644,VIR,104170,2016-03-24,13,"Virgin Islands, U.S.",18.3333,-64.8333,-7217209.94245,2076597.85881
645,VIR,104170,2016-03-31,12,"Virgin Islands, U.S.",18.3333,-64.8333,-7217209.94245,2076597.85881
646,VIR,104170,2016-04-07,13,"Virgin Islands, U.S.",18.3333,-64.8333,-7217209.94245,2076597.85881
647,VIR,104170,2016-04-14,14,"Virgin Islands, U.S.",18.3333,-64.8333,-7217209.94245,2076597.85881
648,VIR,104170,2016-04-21,14,"Virgin Islands, U.S.",18.3333,-64.8333,-7217209.94245,2076597.85881
649,VIR,104170,2016-04-28,16,"Virgin Islands, U.S.",18.3333,-64.8333,-7217209.94245,2076597.85881
650,VIR,104170,2016-05-05,21,"Virgin Islands, U.S.",18.3333,-64.8333,-7217209.94245,2076597.85881
651,VIR,104170,2016-05-12,21,"Virgin Islands, U.S.",18.3333,-64.8333,-7217209.94245,2076597.85881
652,VIR,104170,2016-05-19,21,"Virgin Islands, U.S.",18.3333,-64.8333,-7217209.94245,2076597.85881
653,VIR,104170,2016-05-26,21,"Virgin Islands, U.S.",18.3333,-64.8333,-7217209.94245,2076597.85881
654,VIR,104170,2016-06-02,21,"Virgin Islands, U.S.",18.3333,-64.8333,-7217209.94245,2076597.85881
655,VIR,104170,2016-06-09,24,"Virgin Islands, U.S.",18.3333,-64.8333,-7217209.94245,2076597.85881
656,VIR,104170,2016-06-16,26,"Virgin Islands, U.S.",18.3333,-64.8333,-7217209.94245,2076597.85881
657,VIR,104170,2016-06-24,26,"Virgin Islands, U.S.",18.3333,-64.8333,-7217209.94245,2076597.85881
658,VIR,104170,2016-07-14,47,"Virgin Islands, U.S.",18.3333,-64.8333,-7217209.94245,2076597.85881
659,VIR,104170,2016-07-21,56,"Virgin Islands, U.S.",18.3333,-64.8333,-7217209.94245,2076597.85881
660,VIR,104170,2016-07-28,65,"Virgin Islands, U.S.",18.3333,-64.8333,-7217209.94245,2076597.85881
661,VIR,104170,2016-08-05,79,"Virgin Islands, U.S.",18.3333,-64.8333,-7217209.94245,2076597.85881
662,VIR,104170,2016-08-11,79,"Virgin Islands, U.S.",18.3333,-64.8333,-7217209.94245,2076597.85881
663,VIR,104170,2016-08-18,79,"Virgin Islands, U.S.",18.3333,-64.8333,-7217209.94245,2076597.85881
664,VIR,104170,2016-08-25,79,"Virgin Islands, U.S.",18.3333,-64.8333,-7217209.94245,2076597.85881
665,VIR,104170,2016-09-01,243,"Virgin Islands, U.S.",18.3333,-64.8333,-7217209.94245,2076597.85881
666,VIR,104170,2016-09-15,299,"Virgin Islands, U.S.",18.3333,-64.8333,-7217209.94245,2076597.85881
667,VEN,30693827,2016-02-12,4,"Venezuela, Bolivarian Republic of",8.0,-66.0,-7347086.39236,893463.751013
668,VEN,30693827,2016-02-18,4,"Venezuela, Bolivarian Republic of",8.0,-66.0,-7347086.39236,893463.751013
669,VEN,30693827,2016-02-25,4,"Venezuela, Bolivarian Republic of",8.0,-66.0,-7347086.39236,893463.751013
670,VEN,30693827,2016-03-03,4,"Venezuela, Bolivarian Republic of",8.0,-66.0,-7347086.39236,893463.751013
671,VEN,30693827,2016-03-10,0,"Venezuela, Bolivarian Republic of",8.0,-66.0,-7347086.39236,893463.751013
672,VEN,30693827,2016-03-17,352,"Venezuela, Bolivarian Republic of",8.0,-66.0,-7347086.39236,893463.751013
673,VEN,30693827,2016-03-24,352,"Venezuela, Bolivarian Republic of",8.0,-66.0,-7347086.39236,893463.751013
674,VEN,30693827,2016-03-31,352,"Venezuela, Bolivarian Republic of",8.0,-66.0,-7347086.39236,893463.751013
675,VEN,30693827,2016-04-07,352,"Venezuela, Bolivarian Republic of",8.0,-66.0,-7347086.39236,893463.751013
676,VEN,30693827,2016-04-14,352,"Venezuela, Bolivarian Republic of",8.0,-66.0,-7347086.39236,893463.751013
677,VEN,30693827,2016-04-21,352,"Venezuela, Bolivarian Republic of",8.0,-66.0,-7347086.39236,893463.751013
678,VEN,30693827,2016-04-28,352,"Venezuela, Bolivarian Republic of",8.0,-66.0,-7347086.39236,893463.751013
679,VEN,30693827,2016-05-05,352,"Venezuela, Bolivarian Republic of",8.0,-66.0,-7347086.39236,893463.751013
680,VEN,30693827,2016-05-12,352,"Venezuela, Bolivarian Republic of",8.0,-66.0,-7347086.39236,893463.751013
681,VEN,30693827,2016-05-19,352,"Venezuela, Bolivarian Republic of",8.0,-66.0,-7347086.39236,893463.751013
682,VEN,30693827,2016-05-26,352,"Venezuela, Bolivarian Republic of",8.0,-66.0,-7347086.39236,893463.751013
683,VEN,30693827,2016-06-02,352,"Venezuela, Bolivarian Republic of",8.0,-66.0,-7347086.39236,893463.751013
684,VEN,30693827,2016-06-09,352,"Venezuela, Bolivarian Republic of",8.0,-66.0,-7347086.39236,893463.751013
685,VEN,30693827,2016-06-16,352,"Venezuela, Bolivarian Republic of",8.0,-66.0,-7347086.39236,893463.751013
686,VEN,30693827,2016-06-24,1444,"Venezuela, Bolivarian Republic of",8.0,-66.0,-7347086.39236,893463.751013
687,VEN,30693827,2016-07-14,1632,"Venezuela, Bolivarian Republic of",8.0,-66.0,-7347086.39236,893463.751013
688,VEN,30693827,2016-07-21,1632,"Venezuela, Bolivarian Republic of",8.0,-66.0,-7347086.39236,893463.751013
689,VEN,30693827,2016-07-28,1632,"Venezuela, Bolivarian Republic of",8.0,-66.0,-7347086.39236,893463.751013
690,VEN,30693827,2016-08-05,1632,"Venezuela, Bolivarian Republic of",8.0,-66.0,-7347086.39236,893463.751013
691,VEN,30693827,2016-08-11,1632,"Venezuela, Bolivarian Republic of",8.0,-66.0,-7347086.39236,893463.751013
692,VEN,30693827,2016-08-18,1632,"Venezuela, Bolivarian Republic of",8.0,-66.0,-7347086.39236,893463.751013
693,VEN,30693827,2016-08-25,1768,"Venezuela, Bolivarian Republic of",8.0,-66.0,-7347086.39236,893463.751013
694,VEN,30693827,2016-09-01,1768,"Venezuela, Bolivarian Republic of",8.0,-66.0,-7347086.39236,893463.751013
695,VEN,30693827,2016-09-15,1768,"Venezuela, Bolivarian Republic of",8.0,-66.0,-7347086.39236,893463.751013
696,ABW,103441,2016-02-18,4,Aruba,12.5,-69.9667,-7788657.41649,1402665.18997
697,ABW,103441,2016-02-25,4,Aruba,12.5,-69.9667,-7788657.41649,1402665.18997
698,ABW,103441,2016-03-03,4,Aruba,12.5,-69.9667,-7788657.41649,1402665.18997
699,ABW,103441,2016-03-10,4,Aruba,12.5,-69.9667,-7788657.41649,1402665.18997
700,ABW,103441,2016-03-17,4,Aruba,12.5,-69.9667,-7788657.41649,1402665.18997
701,ABW,103441,2016-03-24,4,Aruba,12.5,-69.9667,-7788657.41649,1402665.18997
702,ABW,103441,2016-03-31,4,Aruba,12.5,-69.9667,-7788657.41649,1402665.18997
703,ABW,103441,2016-04-07,4,Aruba,12.5,-69.9667,-7788657.41649,1402665.18997
704,ABW,103441,2016-04-14,4,Aruba,12.5,-69.9667,-7788657.41649,1402665.18997
705,ABW,103441,2016-04-21,17,Aruba,12.5,-69.9667,-7788657.41649,1402665.18997
706,ABW,103441,2016-04-28,17,Aruba,12.5,-69.9667,-7788657.41649,1402665.18997
707,ABW,103441,2016-05-05,17,Aruba,12.5,-69.9667,-7788657.41649,1402665.18997
708,ABW,103441,2016-05-12,17,Aruba,12.5,-69.9667,-7788657.41649,1402665.18997
709,ABW,103441,2016-05-19,17,Aruba,12.5,-69.9667,-7788657.41649,1402665.18997
710,ABW,103441,2016-05-26,17,Aruba,12.5,-69.9667,-7788657.41649,1402665.18997
711,ABW,103441,2016-06-02,17,Aruba,12.5,-69.9667,-7788657.41649,1402665.18997
712,ABW,103441,2016-06-09,17,Aruba,12.5,-69.9667,-7788657.41649,1402665.18997
713,ABW,103441,2016-06-16,17,Aruba,12.5,-69.9667,-7788657.41649,1402665.18997
714,ABW,103441,2016-06-24,17,Aruba,12.5,-69.9667,-7788657.41649,1402665.18997
715,ABW,103441,2016-07-14,21,Aruba,12.5,-69.9667,-7788657.41649,1402665.18997
716,ABW,103441,2016-07-21,21,Aruba,12.5,-69.9667,-7788657.41649,1402665.18997
717,ABW,103441,2016-07-28,21,Aruba,12.5,-69.9667,-7788657.41649,1402665.18997
718,ABW,103441,2016-08-05,21,Aruba,12.5,-69.9667,-7788657.41649,1402665.18997
719,ABW,103441,2016-08-11,21,Aruba,12.5,-69.9667,-7788657.41649,1402665.18997
720,ABW,103441,2016-08-18,21,Aruba,12.5,-69.9667,-7788657.41649,1402665.18997
721,ABW,103441,2016-08-25,21,Aruba,12.5,-69.9667,-7788657.41649,1402665.18997
722,ABW,103441,2016-09-01,21,Aruba,12.5,-69.9667,-7788657.41649,1402665.18997
723,ABW,103441,2016-09-15,26,Aruba,12.5,-69.9667,-7788657.41649,1402665.18997
724,VCT,109360,2016-02-25,1,Saint Vincent and the Grenadines,13.25,-61.2,-6812752.83655,1488308.67092
725,VCT,109360,2016-03-03,1,Saint Vincent and the Grenadines,13.25,-61.2,-6812752.83655,1488308.67092
726,VCT,109360,2016-03-10,1,Saint Vincent and the Grenadines,13.25,-61.2,-6812752.83655,1488308.67092
727,VCT,109360,2016-03-17,1,Saint Vincent and the Grenadines,13.25,-61.2,-6812752.83655,1488308.67092
728,VCT,109360,2016-03-24,1,Saint Vincent and the Grenadines,13.25,-61.2,-6812752.83655,1488308.67092
729,VCT,109360,2016-03-31,1,Saint Vincent and the Grenadines,13.25,-61.2,-6812752.83655,1488308.67092
730,VCT,109360,2016-04-07,1,Saint Vincent and the Grenadines,13.25,-61.2,-6812752.83655,1488308.67092
731,VCT,109360,2016-04-14,1,Saint Vincent and the Grenadines,13.25,-61.2,-6812752.83655,1488308.67092
732,VCT,109360,2016-04-21,1,Saint Vincent and the Grenadines,13.25,-61.2,-6812752.83655,1488308.67092
733,VCT,109360,2016-04-28,1,Saint Vincent and the Grenadines,13.25,-61.2,-6812752.83655,1488308.67092
734,VCT,109360,2016-05-05,2,Saint Vincent and the Grenadines,13.25,-61.2,-6812752.83655,1488308.67092
735,VCT,109360,2016-05-12,2,Saint Vincent and the Grenadines,13.25,-61.2,-6812752.83655,1488308.67092
736,VCT,109360,2016-05-19,2,Saint Vincent and the Grenadines,13.25,-61.2,-6812752.83655,1488308.67092
737,VCT,109360,2016-05-26,2,Saint Vincent and the Grenadines,13.25,-61.2,-6812752.83655,1488308.67092
738,VCT,109360,2016-06-02,2,Saint Vincent and the Grenadines,13.25,-61.2,-6812752.83655,1488308.67092
739,VCT,109360,2016-06-09,2,Saint Vincent and the Grenadines,13.25,-61.2,-6812752.83655,1488308.67092
740,VCT,109360,2016-06-16,8,Saint Vincent and the Grenadines,13.25,-61.2,-6812752.83655,1488308.67092
741,VCT,109360,2016-06-24,8,Saint Vincent and the Grenadines,13.25,-61.2,-6812752.83655,1488308.67092
742,VCT,109360,2016-07-14,8,Saint Vincent and the Grenadines,13.25,-61.2,-6812752.83655,1488308.67092
743,VCT,109360,2016-07-21,8,Saint Vincent and the Grenadines,13.25,-61.2,-6812752.83655,1488308.67092
744,VCT,109360,2016-07-28,8,Saint Vincent and the Grenadines,13.25,-61.2,-6812752.83655,1488308.67092
745,VCT,109360,2016-08-05,8,Saint Vincent and the Grenadines,13.25,-61.2,-6812752.83655,1488308.67092
746,VCT,109360,2016-08-11,8,Saint Vincent and the Grenadines,13.25,-61.2,-6812752.83655,1488308.67092
747,VCT,109360,2016-08-18,38,Saint Vincent and the Grenadines,13.25,-61.2,-6812752.83655,1488308.67092
748,VCT,109360,2016-08-25,38,Saint Vincent and the Grenadines,13.25,-61.2,-6812752.83655,1488308.67092
749,VCT,109360,2016-09-01,38,Saint Vincent and the Grenadines,13.25,-61.2,-6812752.83655,1488308.67092
750,VCT,109360,2016-09-15,38,Saint Vincent and the Grenadines,13.25,-61.2,-6812752.83655,1488308.67092
751,TTO,1354483,2016-02-25,1,Trinidad and Tobago,11.0,-61.0,-6790488.93839,1232106.8019
752,TTO,1354483,2016-03-03,1,Trinidad and Tobago,11.0,-61.0,-6790488.93839,1232106.8019
753,TTO,1354483,2016-03-10,3,Trinidad and Tobago,11.0,-61.0,-6790488.93839,1232106.8019
754,TTO,1354483,2016-03-17,4,Trinidad and Tobago,11.0,-61.0,-6790488.93839,1232106.8019
755,TTO,1354483,2016-03-24,4,Trinidad and Tobago,11.0,-61.0,-6790488.93839,1232106.8019
756,TTO,1354483,2016-03-31,9,Trinidad and Tobago,11.0,-61.0,-6790488.93839,1232106.8019
757,TTO,1354483,2016-04-07,9,Trinidad and Tobago,11.0,-61.0,-6790488.93839,1232106.8019
758,TTO,1354483,2016-04-14,13,Trinidad and Tobago,11.0,-61.0,-6790488.93839,1232106.8019
759,TTO,1354483,2016-04-21,16,Trinidad and Tobago,11.0,-61.0,-6790488.93839,1232106.8019
760,TTO,1354483,2016-04-28,16,Trinidad and Tobago,11.0,-61.0,-6790488.93839,1232106.8019
761,TTO,1354483,2016-05-05,16,Trinidad and Tobago,11.0,-61.0,-6790488.93839,1232106.8019
762,TTO,1354483,2016-05-12,16,Trinidad and Tobago,11.0,-61.0,-6790488.93839,1232106.8019
763,TTO,1354483,2016-05-19,16,Trinidad and Tobago,11.0,-61.0,-6790488.93839,1232106.8019
764,TTO,1354483,2016-05-26,16,Trinidad and Tobago,11.0,-61.0,-6790488.93839,1232106.8019
765,TTO,1354483,2016-06-02,16,Trinidad and Tobago,11.0,-61.0,-6790488.93839,1232106.8019
766,TTO,1354483,2016-06-09,40,Trinidad and Tobago,11.0,-61.0,-6790488.93839,1232106.8019
767,TTO,1354483,2016-06-16,40,Trinidad and Tobago,11.0,-61.0,-6790488.93839,1232106.8019
768,TTO,1354483,2016-06-24,40,Trinidad and Tobago,11.0,-61.0,-6790488.93839,1232106.8019
769,TTO,1354483,2016-07-14,83,Trinidad and Tobago,11.0,-61.0,-6790488.93839,1232106.8019
770,TTO,1354483,2016-07-21,149,Trinidad and Tobago,11.0,-61.0,-6790488.93839,1232106.8019
771,TTO,1354483,2016-07-28,149,Trinidad and Tobago,11.0,-61.0,-6790488.93839,1232106.8019
772,TTO,1354483,2016-08-05,149,Trinidad and Tobago,11.0,-61.0,-6790488.93839,1232106.8019
773,TTO,1354483,2016-08-11,149,Trinidad and Tobago,11.0,-61.0,-6790488.93839,1232106.8019
774,TTO,1354483,2016-08-18,149,Trinidad and Tobago,11.0,-61.0,-6790488.93839,1232106.8019
775,TTO,1354483,2016-08-25,254,Trinidad and Tobago,11.0,-61.0,-6790488.93839,1232106.8019
776,TTO,1354483,2016-09-01,334,Trinidad and Tobago,11.0,-61.0,-6790488.93839,1232106.8019
777,TTO,1354483,2016-09-15,375,Trinidad and Tobago,11.0,-61.0,-6790488.93839,1232106.8019
778,CUB,11379111,2016-03-17,1,Cuba,21.5,-80.0,-8905559.26346,2451599.08738
779,CUB,11379111,2016-03-24,1,Cuba,21.5,-80.0,-8905559.26346,2451599.08738
780,CUB,11379111,2016-03-31,1,Cuba,21.5,-80.0,-8905559.26346,2451599.08738
781,CUB,11379111,2016-04-07,1,Cuba,21.5,-80.0,-8905559.26346,2451599.08738
782,CUB,11379111,2016-04-14,1,Cuba,21.5,-80.0,-8905559.26346,2451599.08738
783,CUB,11379111,2016-04-21,1,Cuba,21.5,-80.0,-8905559.26346,2451599.08738
784,CUB,11379111,2016-04-28,1,Cuba,21.5,-80.0,-8905559.26346,2451599.08738
785,CUB,11379111,2016-05-05,1,Cuba,21.5,-80.0,-8905559.26346,2451599.08738
786,CUB,11379111,2016-05-12,1,Cuba,21.5,-80.0,-8905559.26346,2451599.08738
787,CUB,11379111,2016-05-19,1,Cuba,21.5,-80.0,-8905559.26346,2451599.08738
788,CUB,11379111,2016-05-26,1,Cuba,21.5,-80.0,-8905559.26346,2451599.08738
789,CUB,11379111,2016-06-02,1,Cuba,21.5,-80.0,-8905559.26346,2451599.08738
790,CUB,11379111,2016-06-09,1,Cuba,21.5,-80.0,-8905559.26346,2451599.08738
791,CUB,11379111,2016-06-16,1,Cuba,21.5,-80.0,-8905559.26346,2451599.08738
792,CUB,11379111,2016-06-24,1,Cuba,21.5,-80.0,-8905559.26346,2451599.08738
793,CUB,11379111,2016-07-14,1,Cuba,21.5,-80.0,-8905559.26346,2451599.08738
794,CUB,11379111,2016-07-21,1,Cuba,21.5,-80.0,-8905559.26346,2451599.08738
795,CUB,11379111,2016-07-28,1,Cuba,21.5,-80.0,-8905559.26346,2451599.08738
796,CUB,11379111,2016-08-05,3,Cuba,21.5,-80.0,-8905559.26346,2451599.08738
797,CUB,11379111,2016-08-11,3,Cuba,21.5,-80.0,-8905559.26346,2451599.08738
798,CUB,11379111,2016-08-18,3,Cuba,21.5,-80.0,-8905559.26346,2451599.08738
799,CUB,11379111,2016-08-25,3,Cuba,21.5,-80.0,-8905559.26346,2451599.08738
800,CUB,11379111,2016-09-01,3,Cuba,21.5,-80.0,-8905559.26346,2451599.08738
801,CUB,11379111,2016-09-15,3,Cuba,21.5,-80.0,-8905559.26346,2451599.08738
802,DMA,72341,2016-03-17,1,Dominica,15.4167,-61.3333,-6827591.72467,1737270.59923
803,DMA,72341,2016-03-24,1,Dominica,15.4167,-61.3333,-6827591.72467,1737270.59923
804,DMA,72341,2016-03-31,1,Dominica,15.4167,-61.3333,-6827591.72467,1737270.59923
805,DMA,72341,2016-04-07,1,Dominica,15.4167,-61.3333,-6827591.72467,1737270.59923
806,DMA,72341,2016-04-14,1,Dominica,15.4167,-61.3333,-6827591.72467,1737270.59923
807,DMA,72341,2016-04-21,5,Dominica,15.4167,-61.3333,-6827591.72467,1737270.59923
808,DMA,72341,2016-04-28,18,Dominica,15.4167,-61.3333,-6827591.72467,1737270.59923
809,DMA,72341,2016-05-05,18,Dominica,15.4167,-61.3333,-6827591.72467,1737270.59923
810,DMA,72341,2016-05-12,18,Dominica,15.4167,-61.3333,-6827591.72467,1737270.59923
811,DMA,72341,2016-05-19,28,Dominica,15.4167,-61.3333,-6827591.72467,1737270.59923
812,DMA,72341,2016-05-26,28,Dominica,15.4167,-61.3333,-6827591.72467,1737270.59923
813,DMA,72341,2016-06-02,28,Dominica,15.4167,-61.3333,-6827591.72467,1737270.59923
814,DMA,72341,2016-06-09,39,Dominica,15.4167,-61.3333,-6827591.72467,1737270.59923
815,DMA,72341,2016-06-16,47,Dominica,15.4167,-61.3333,-6827591.72467,1737270.59923
816,DMA,72341,2016-06-24,47,Dominica,15.4167,-61.3333,-6827591.72467,1737270.59923
817,DMA,72341,2016-07-14,57,Dominica,15.4167,-61.3333,-6827591.72467,1737270.59923
818,DMA,72341,2016-07-21,65,Dominica,15.4167,-61.3333,-6827591.72467,1737270.59923
819,DMA,72341,2016-07-28,65,Dominica,15.4167,-61.3333,-6827591.72467,1737270.59923
820,DMA,72341,2016-08-05,67,Dominica,15.4167,-61.3333,-6827591.72467,1737270.59923
821,DMA,72341,2016-08-11,68,Dominica,15.4167,-61.3333,-6827591.72467,1737270.59923
822,DMA,72341,2016-08-18,68,Dominica,15.4167,-61.3333,-6827591.72467,1737270.59923
823,DMA,72341,2016-08-25,68,Dominica,15.4167,-61.3333,-6827591.72467,1737270.59923
824,DMA,72341,2016-09-01,68,Dominica,15.4167,-61.3333,-6827591.72467,1737270.59923
825,DMA,72341,2016-09-15,68,Dominica,15.4167,-61.3333,-6827591.72467,1737270.59923
826,LCA,183645,2016-04-07,2,Saint Lucia,13.8833,-61.1333,-6805327.82651,1560831.25159
827,LCA,183645,2016-04-14,2,Saint Lucia,13.8833,-61.1333,-6805327.82651,1560831.25159
828,LCA,183645,2016-04-21,2,Saint Lucia,13.8833,-61.1333,-6805327.82651,1560831.25159
829,LCA,183645,2016-04-28,2,Saint Lucia,13.8833,-61.1333,-6805327.82651,1560831.25159
830,LCA,183645,2016-05-05,2,Saint Lucia,13.8833,-61.1333,-6805327.82651,1560831.25159
831,LCA,183645,2016-05-12,2,Saint Lucia,13.8833,-61.1333,-6805327.82651,1560831.25159
832,LCA,183645,2016-05-19,2,Saint Lucia,13.8833,-61.1333,-6805327.82651,1560831.25159
833,LCA,183645,2016-05-26,2,Saint Lucia,13.8833,-61.1333,-6805327.82651,1560831.25159
834,LCA,183645,2016-06-02,2,Saint Lucia,13.8833,-61.1333,-6805327.82651,1560831.25159
835,LCA,183645,2016-06-09,7,Saint Lucia,13.8833,-61.1333,-6805327.82651,1560831.25159
836,LCA,183645,2016-06-16,4,Saint Lucia,13.8833,-61.1333,-6805327.82651,1560831.25159
837,LCA,183645,2016-06-24,9,Saint Lucia,13.8833,-61.1333,-6805327.82651,1560831.25159
838,LCA,183645,2016-07-14,13,Saint Lucia,13.8833,-61.1333,-6805327.82651,1560831.25159
839,LCA,183645,2016-07-21,13,Saint Lucia,13.8833,-61.1333,-6805327.82651,1560831.25159
840,LCA,183645,2016-07-28,13,Saint Lucia,13.8833,-61.1333,-6805327.82651,1560831.25159
841,LCA,183645,2016-08-05,26,Saint Lucia,13.8833,-61.1333,-6805327.82651,1560831.25159
842,LCA,183645,2016-08-11,26,Saint Lucia,13.8833,-61.1333,-6805327.82651,1560831.25159
843,LCA,183645,2016-08-18,34,Saint Lucia,13.8833,-61.1333,-6805327.82651,1560831.25159
844,LCA,183645,2016-08-25,34,Saint Lucia,13.8833,-61.1333,-6805327.82651,1560831.25159
845,LCA,183645,2016-09-01,38,Saint Lucia,13.8833,-61.1333,-6805327.82651,1560831.25159
846,LCA,183645,2016-09-15,38,Saint Lucia,13.8833,-61.1333,-6805327.82651,1560831.25159
847,BLZ,351706,2016-04-14,1,Belize,17.25,-88.75,-9879604.8079,1949946.02932
848,BLZ,351706,2016-04-21,1,Belize,17.25,-88.75,-9879604.8079,1949946.02932
849,BLZ,351706,2016-04-28,1,Belize,17.25,-88.75,-9879604.8079,1949946.02932
850,BLZ,351706,2016-05-05,1,Belize,17.25,-88.75,-9879604.8079,1949946.02932
851,BLZ,351706,2016-05-12,1,Belize,17.25,-88.75,-9879604.8079,1949946.02932
852,BLZ,351706,2016-05-19,1,Belize,17.25,-88.75,-9879604.8079,1949946.02932
853,BLZ,351706,2016-05-26,2,Belize,17.25,-88.75,-9879604.8079,1949946.02932
854,BLZ,351706,2016-06-02,2,Belize,17.25,-88.75,-9879604.8079,1949946.02932
855,BLZ,351706,2016-06-09,2,Belize,17.25,-88.75,-9879604.8079,1949946.02932
856,BLZ,351706,2016-06-16,2,Belize,17.25,-88.75,-9879604.8079,1949946.02932
857,BLZ,351706,2016-06-24,2,Belize,17.25,-88.75,-9879604.8079,1949946.02932
858,BLZ,351706,2016-07-14,5,Belize,17.25,-88.75,-9879604.8079,1949946.02932
859,BLZ,351706,2016-07-21,5,Belize,17.25,-88.75,-9879604.8079,1949946.02932
860,BLZ,351706,2016-07-28,5,Belize,17.25,-88.75,-9879604.8079,1949946.02932
861,BLZ,351706,2016-08-05,5,Belize,17.25,-88.75,-9879604.8079,1949946.02932
862,BLZ,351706,2016-08-11,5,Belize,17.25,-88.75,-9879604.8079,1949946.02932
863,BLZ,351706,2016-08-18,5,Belize,17.25,-88.75,-9879604.8079,1949946.02932
864,BLZ,351706,2016-08-25,5,Belize,17.25,-88.75,-9879604.8079,1949946.02932
865,BLZ,351706,2016-09-01,5,Belize,17.25,-88.75,-9879604.8079,1949946.02932
866,BLZ,351706,2016-09-15,5,Belize,17.25,-88.75,-9879604.8079,1949946.02932
867,GRD,106349,2016-05-05,1,Grenada,12.1167,-61.6667,-6864705.6429,1358992.50428
868,GRD,106349,2016-05-12,1,Grenada,12.1167,-61.6667,-6864705.6429,1358992.50428
869,GRD,106349,2016-05-19,1,Grenada,12.1167,-61.6667,-6864705.6429,1358992.50428
870,GRD,106349,2016-05-26,1,Grenada,12.1167,-61.6667,-6864705.6429,1358992.50428
871,GRD,106349,2016-06-02,1,Grenada,12.1167,-61.6667,-6864705.6429,1358992.50428
872,GRD,106349,2016-06-09,2,Grenada,12.1167,-61.6667,-6864705.6429,1358992.50428
873,GRD,106349,2016-06-16,2,Grenada,12.1167,-61.6667,-6864705.6429,1358992.50428
874,GRD,106349,2016-06-24,2,Grenada,12.1167,-61.6667,-6864705.6429,1358992.50428
875,GRD,106349,2016-07-14,2,Grenada,12.1167,-61.6667,-6864705.6429,1358992.50428
876,GRD,106349,2016-07-21,2,Grenada,12.1167,-61.6667,-6864705.6429,1358992.50428
877,GRD,106349,2016-07-28,2,Grenada,12.1167,-61.6667,-6864705.6429,1358992.50428
878,GRD,106349,2016-08-05,2,Grenada,12.1167,-61.6667,-6864705.6429,1358992.50428
879,GRD,106349,2016-08-11,7,Grenada,12.1167,-61.6667,-6864705.6429,1358992.50428
880,GRD,106349,2016-08-18,55,Grenada,12.1167,-61.6667,-6864705.6429,1358992.50428
881,GRD,106349,2016-08-25,61,Grenada,12.1167,-61.6667,-6864705.6429,1358992.50428
882,GRD,106349,2016-09-01,72,Grenada,12.1167,-61.6667,-6864705.6429,1358992.50428
883,GRD,106349,2016-09-15,74,Grenada,12.1167,-61.6667,-6864705.6429,1358992.50428
884,PER,30973148,2016-05-05,3,Peru,-10.0,-76.0,-8460281.30029,-1118889.97486
885,PER,30973148,2016-05-12,3,Peru,-10.0,-76.0,-8460281.30029,-1118889.97486
886,PER,30973148,2016-05-19,4,Peru,-10.0,-76.0,-8460281.30029,-1118889.97486
887,PER,30973148,2016-05-26,4,Peru,-10.0,-76.0,-8460281.30029,-1118889.97486
888,PER,30973148,2016-06-02,5,Peru,-10.0,-76.0,-8460281.30029,-1118889.97486
889,PER,30973148,2016-06-09,20,Peru,-10.0,-76.0,-8460281.30029,-1118889.97486
890,PER,30973148,2016-06-16,77,Peru,-10.0,-76.0,-8460281.30029,-1118889.97486
891,PER,30973148,2016-06-24,78,Peru,-10.0,-76.0,-8460281.30029,-1118889.97486
892,PER,30973148,2016-07-14,82,Peru,-10.0,-76.0,-8460281.30029,-1118889.97486
893,PER,30973148,2016-07-21,86,Peru,-10.0,-76.0,-8460281.30029,-1118889.97486
894,PER,30973148,2016-07-28,89,Peru,-10.0,-76.0,-8460281.30029,-1118889.97486
895,PER,30973148,2016-08-05,89,Peru,-10.0,-76.0,-8460281.30029,-1118889.97486
896,PER,30973148,2016-08-11,89,Peru,-10.0,-76.0,-8460281.30029,-1118889.97486
897,PER,30973148,2016-08-18,95,Peru,-10.0,-76.0,-8460281.30029,-1118889.97486
898,PER,30973148,2016-08-25,95,Peru,-10.0,-76.0,-8460281.30029,-1118889.97486
899,PER,30973148,2016-09-01,95,Peru,-10.0,-76.0,-8460281.30029,-1118889.97486
900,PER,30973148,2016-09-15,97,Peru,-10.0,-76.0,-8460281.30029,-1118889.97486
901,ARG,42980026,2016-05-19,2,Argentina,-34.0,-64.0,-7124447.41077,-4028802.02613
902,ARG,42980026,2016-05-26,12,Argentina,-34.0,-64.0,-7124447.41077,-4028802.02613
903,ARG,42980026,2016-06-02,19,Argentina,-34.0,-64.0,-7124447.41077,-4028802.02613
904,ARG,42980026,2016-06-09,20,Argentina,-34.0,-64.0,-7124447.41077,-4028802.02613
905,ARG,42980026,2016-06-16,20,Argentina,-34.0,-64.0,-7124447.41077,-4028802.02613
906,ARG,42980026,2016-06-24,20,Argentina,-34.0,-64.0,-7124447.41077,-4028802.02613
907,ARG,42980026,2016-07-14,23,Argentina,-34.0,-64.0,-7124447.41077,-4028802.02613
908,ARG,42980026,2016-07-21,23,Argentina,-34.0,-64.0,-7124447.41077,-4028802.02613
909,ARG,42980026,2016-07-28,23,Argentina,-34.0,-64.0,-7124447.41077,-4028802.02613
910,ARG,42980026,2016-08-05,23,Argentina,-34.0,-64.0,-7124447.41077,-4028802.02613
911,ARG,42980026,2016-08-11,24,Argentina,-34.0,-64.0,-7124447.41077,-4028802.02613
912,ARG,42980026,2016-08-18,24,Argentina,-34.0,-64.0,-7124447.41077,-4028802.02613
913,ARG,42980026,2016-08-25,24,Argentina,-34.0,-64.0,-7124447.41077,-4028802.02613
914,ARG,42980026,2016-09-01,24,Argentina,-34.0,-64.0,-7124447.41077,-4028802.02613
915,ARG,42980026,2016-09-15,25,Argentina,-34.0,-64.0,-7124447.41077,-4028802.02613
916,AIA,13500,2016-06-24,1,Anguilla,18.25,-63.1667,-7031684.87909,2066831.46009
917,AIA,13500,2016-07-14,1,Anguilla,18.25,-63.1667,-7031684.87909,2066831.46009
918,AIA,13500,2016-07-21,1,Anguilla,18.25,-63.1667,-7031684.87909,2066831.46009
919,AIA,13500,2016-07-28,2,Anguilla,18.25,-63.1667,-7031684.87909,2066831.46009
920,AIA,13500,2016-08-05,2,Anguilla,18.25,-63.1667,-7031684.87909,2066831.46009
921,AIA,13500,2016-08-11,2,Anguilla,18.25,-63.1667,-7031684.87909,2066831.46009
922,AIA,13500,2016-08-18,2,Anguilla,18.25,-63.1667,-7031684.87909,2066831.46009
923,AIA,13500,2016-08-25,2,Anguilla,18.25,-63.1667,-7031684.87909,2066831.46009
924,AIA,13500,2016-09-01,2,Anguilla,18.25,-63.1667,-7031684.87909,2066831.46009
925,AIA,13500,2016-09-15,5,Anguilla,18.25,-63.1667,-7031684.87909,2066831.46009
926,ATG,90900,2016-07-28,1,Antigua and Barbuda,17.05,-61.8,-6879544.53102,1926646.11138
927,ATG,90900,2016-08-05,1,Antigua and Barbuda,17.05,-61.8,-6879544.53102,1926646.11138
928,ATG,90900,2016-08-11,1,Antigua and Barbuda,17.05,-61.8,-6879544.53102,1926646.11138
929,ATG,90900,2016-08-18,5,Antigua and Barbuda,17.05,-61.8,-6879544.53102,1926646.11138
930,ATG,90900,2016-08-25,5,Antigua and Barbuda,17.05,-61.8,-6879544.53102,1926646.11138
931,ATG,90900,2016-09-01,5,Antigua and Barbuda,17.05,-61.8,-6879544.53102,1926646.11138
932,ATG,90900,2016-09-15,9,Antigua and Barbuda,17.05,-61.8,-6879544.53102,1926646.11138
933,TCA,33740,2016-07-28,2,Turks and Caicos Islands,21.75,-71.5833,-7968616.5053,2481536.08127
934,TCA,33740,2016-08-05,2,Turks and Caicos Islands,21.75,-71.5833,-7968616.5053,2481536.08127
935,TCA,33740,2016-08-11,2,Turks and Caicos Islands,21.75,-71.5833,-7968616.5053,2481536.08127
936,TCA,33740,2016-08-18,2,Turks and Caicos Islands,21.75,-71.5833,-7968616.5053,2481536.08127
937,TCA,33740,2016-08-25,2,Turks and Caicos Islands,21.75,-71.5833,-7968616.5053,2481536.08127
938,TCA,33740,2016-09-01,2,Turks and Caicos Islands,21.75,-71.5833,-7968616.5053,2481536.08127
939,TCA,33740,2016-09-15,2,Turks and Caicos Islands,21.75,-71.5833,-7968616.5053,2481536.08127
940,USA,318857056,2016-08-05,6,United States,38.0,-97.0,-10797990.6069,4579425.81287
941,USA,318857056,2016-08-11,6,United States,38.0,-97.0,-10797990.6069,4579425.81287
942,USA,318857056,2016-08-18,6,United States,38.0,-97.0,-10797990.6069,4579425.81287
943,USA,318857056,2016-08-25,14,United States,38.0,-97.0,-10797990.6069,4579425.81287
944,USA,318857056,2016-09-01,35,United States,38.0,-97.0,-10797990.6069,4579425.81287
945,USA,318857056,2016-09-15,43,United States,38.0,-97.0,-10797990.6069,4579425.81287
946,BHS,383054,2016-08-11,1,Bahamas,24.25,-76.0,-8460281.30029,2783901.42338
947,BHS,383054,2016-08-18,1,Bahamas,24.25,-76.0,-8460281.30029,2783901.42338
948,BHS,383054,2016-08-25,3,Bahamas,24.25,-76.0,-8460281.30029,2783901.42338
949,BHS,383054,2016-09-01,6,Bahamas,24.25,-76.0,-8460281.30029,2783901.42338
950,BHS,383054,2016-09-15,10,Bahamas,24.25,-76.0,-8460281.30029,2783901.42338
951,CYM,59172,2016-08-11,2,Cayman Islands,19.5,-80.5,-8961219.00886,2213892.18286
952,CYM,59172,2016-08-18,2,Cayman Islands,19.5,-80.5,-8961219.00886,2213892.18286
953,CYM,59172,2016-08-25,3,Cayman Islands,19.5,-80.5,-8961219.00886,2213892.18286
954,CYM,59172,2016-09-01,5,Cayman Islands,19.5,-80.5,-8961219.00886,2213892.18286
955,CYM,59172,2016-09-15,9,Cayman Islands,19.5,-80.5,-8961219.00886,2213892.18286
956,VGB,106405,2016-09-01,5,"Virgin Islands, British",18.5,-64.5,-7180107.15617,2096156.53847
957,VGB,106405,2016-09-15,5,"Virgin Islands, British",18.5,-64.5,-7180107.15617,2096156.53847
